,contract_name,function_name,args,kwargs,n_steps,n_memory_holes,context,range_check_builtin,bitwise_builtin,pedersen_builtin
114,kakarot,initiate,(),"{'evm_address': 981189583513430272045844093456410884082871650191, 'starknet_address': 2090780521161023253860764839147192459915324840574229588547477280095699027855, 'value': 0}",857102,70045,solmate_erc20_mint,28797.0,6292.0,5977.0
120,kakarot,initiate,(),"{'evm_address': 981189583684390240013882342328854774005219686045, 'starknet_address': 297711810825469193935695537925490648074932354948875262623255031090922616477, 'value': 0}",857100,70046,solmate_erc20_totalSupply,28797.0,6292.0,5977.0
127,kakarot,initiate,(),"{'evm_address': 981189583638518924547506112272815371496919620176, 'starknet_address': 2882572195309336644531395345765839233130512446739048176154807654209657199184, 'value': 0}",857100,70046,solmate_erc20_all_test,28797.0,6292.0,5977.0
117,kakarot,initiate,(),"{'evm_address': 981189583605759754964995287575061444224022041101, 'starknet_address': 3279144821677310665031137412642463998847267103630995408265791491108076868109, 'value': 0}",857100,70046,solmate_erc20_balanceOf,28797.0,6292.0,5977.0
131,kakarot,execute_at_address,(),"{'address': 981189583638518924547506112272815371496919620176, 'value': 0, 'calldata': [35, 184, 114, 221, 0, 0, 0, 0, 0, 0, 0, 0, 0, 0, 0, 0, 0, 0, 0, 0, 0, 0, 0, 0, 0, 0, 0, 0, 0, 0, 0, 0, 0, 0, 0, 2, 0, 0, 0, 0, 0, 0, 0, 0, 0, 0, 0, 0, 0, 0, 0, 0, 0, 0, 0, 0, 0, 0, 0, 0, 0, 0, 0, 0, 0, 0, 0, 1, 0, 0, 0, 0, 0, 0, 0, 0, 0, 0, 0, 0, 0, 0, 0, 0, 0, 0, 0, 0, 0, 0, 0, 0, 0, 0, 0, 0, 0, 0, 0, 10]}",490734,23648,solmate_erc20_all_test,18539.0,18840.0,1475.0
132,kakarot,execute_at_address,(),"{'address': 981189583638518924547506112272815371496919620176, 'value': 0, 'calldata': [169, 5, 156, 187, 0, 0, 0, 0, 0, 0, 0, 0, 0, 0, 0, 0, 0, 0, 0, 0, 0, 0, 0, 0, 0, 0, 0, 0, 0, 0, 0, 0, 0, 0, 0, 3, 0, 0, 0, 0, 0, 0, 0, 0, 0, 0, 0, 0, 0, 0, 0, 0, 0, 0, 0, 0, 0, 0, 0, 0, 0, 0, 0, 0, 0, 0, 0, 5]}",289115,19370,solmate_erc20_all_test,10557.0,6280.0,1471.0
129,kakarot,execute_at_address,(),"{'address': 981189583638518924547506112272815371496919620176, 'value': 0, 'calldata': [9, 94, 167, 179, 0, 0, 0, 0, 0, 0, 0, 0, 0, 0, 0, 0, 0, 0, 0, 0, 0, 0, 0, 0, 0, 0, 0, 0, 0, 0, 0, 0, 0, 0, 0, 1, 0, 0, 0, 0, 0, 0, 0, 0, 0, 0, 0, 0, 0, 0, 0, 0, 0, 0, 0, 0, 0, 0, 0, 0, 0, 0, 0, 0, 0, 15, 66, 64]}",286796,19171,solmate_erc20_all_test,10425.0,6280.0,1465.0
130,kakarot,execute_at_address,(),"{'address': 981189583638518924547506112272815371496919620176, 'value': 0, 'calldata': [221, 98, 237, 62, 0, 0, 0, 0, 0, 0, 0, 0, 0, 0, 0, 0, 0, 0, 0, 0, 0, 0, 0, 0, 0, 0, 0, 0, 0, 0, 0, 0, 0, 0, 0, 2, 0, 0, 0, 0, 0, 0, 0, 0, 0, 0, 0, 0, 0, 0, 0, 0, 0, 0, 0, 0, 0, 0, 0, 0, 0, 0, 0, 0, 0, 0, 0, 1]}",278700,19165,solmate_erc20_all_test,10269.0,6280.0,1465.0
128,kakarot,execute_at_address,(),"{'address': 981189583638518924547506112272815371496919620176, 'value': 0, 'calldata': [64, 193, 15, 25, 0, 0, 0, 0, 0, 0, 0, 0, 0, 0, 0, 0, 0, 0, 0, 0, 0, 0, 0, 0, 0, 0, 0, 0, 0, 0, 0, 0, 0, 0, 0, 2, 0, 0, 0, 0, 0, 0, 0, 0, 0, 0, 0, 0, 0, 0, 0, 0, 0, 0, 0, 0, 0, 0, 0, 0, 0, 0, 0, 0, 0, 0, 1, 100]}",224632,18021,solmate_erc20_all_test,8165.0,3142.0,1471.0
115,kakarot,execute_at_address,(),"{'address': 981189583513430272045844093456410884082871650191, 'value': 0, 'calldata': [64, 193, 15, 25, 0, 0, 0, 0, 0, 0, 0, 0, 0, 0, 0, 0, 0, 0, 0, 0, 0, 0, 0, 0, 0, 0, 0, 0, 0, 0, 0, 0, 0, 0, 0, 1, 0, 0, 0, 0, 0, 0, 0, 0, 0, 0, 0, 0, 0, 0, 0, 0, 0, 0, 0, 0, 0, 0, 0, 0, 0, 0, 0, 0, 0, 0, 1, 100]}",224630,18022,solmate_erc20_mint,8165.0,3142.0,1471.0
118,kakarot,execute_at_address,(),"{'address': 981189583605759754964995287575061444224022041101, 'value': 0, 'calldata': [112, 160, 130, 49, 0, 0, 0, 0, 0, 0, 0, 0, 0, 0, 0, 0, 0, 0, 0, 0, 0, 0, 0, 0, 0, 0, 0, 0, 0, 0, 0, 0, 0, 0, 0, 1]}",215857,17815,solmate_erc20_balanceOf,7910.0,3140.0,1465.0
133,kakarot,execute_at_address,(),"{'address': 981189583638518924547506112272815371496919620176, 'value': 0, 'calldata': [112, 160, 130, 49, 0, 0, 0, 0, 0, 0, 0, 0, 0, 0, 0, 0, 0, 0, 0, 0, 0, 0, 0, 0, 0, 0, 0, 0, 0, 0, 0, 0, 0, 0, 0, 1]}",215857,17815,solmate_erc20_all_test,7910.0,3140.0,1465.0
126,kakarot,execute_at_address,(),"{'address': 0, 'value': 0, 'calldata': [96, 128, 96, 64, 82, 52, 128, 21, 97, 0, 16, 87, 96, 0, 128, 253, 91, 80, 96, 64, 81, 97, 8, 13, 56, 3, 128, 97, 8, 13, 131, 57, 129, 1, 96, 64, 129, 144, 82, 97, 0, 47, 145, 97, 1, 151, 86, 91, 129, 81, 97, 0, 66, 144, 96, 0, 144, 96, 32, 133, 1, 144, 97, 0, 94, 86, 91, 80, 128, 81, 97, 0, 86, 144, 96, 1, 144, 96, 32, 132, 1, 144, 97, 0, 94, 86, 91, 80, 80, 80, 97, 2, 72, 86, 91, 130, 128, 84, 97, 0, 106, 144, 97, 1, 247, 86, 91, 144, 96, 0, 82, 96, 32, 96, 0, 32, 144, 96, 31, 1, 96, 32, 144, 4, 129, 1, 146, 130, 97, 0, 140, 87, 96, 0, 133, 85, 97, 0, 210, 86, 91, 130, 96, 31, 16, 97, 0, 165, 87, 128, 81, 96, 255, 25, 22, 131, 128, 1, 23, 133, 85, 97, 0, 210, 86, 91, 130, 128, 1, 96, 1, 1, 133, 85, 130, 21, 97, 0, 210, 87, 145, 130, 1, 91, 130, 129, 17, 21, 97, 0, 210, 87, 130, 81, 130, 85, 145, 96, 32, 1, 145, 144, 96, 1, 1, 144, 97, 0, 183, 86, 91, 80, 97, 0, 222, 146, 145, 80, 97, 0, 226, 86, 91, 80, 144, 86, 91, 91, 128, 130, 17, 21, 97, 0, 222, 87, 96, 0, 129, 85, 96, 1, 1, 97, 0, 227, 86, 91, 96, 0, 130, 96, 31, 131, 1, 18, 97, 1, 7, 87, 128, 129, 253, 91, 129, 81, 96, 1, 96, 1, 96, 64, 27, 3, 128, 130, 17, 21, 97, 1, 33, 87, 97, 1, 33, 97, 2, 50, 86, 91, 96, 64, 81, 96, 32, 96, 31, 132, 1, 96, 31, 25, 22, 130, 1, 129, 1, 131, 129, 17, 131, 130, 16, 23, 21, 97, 1, 70, 87, 97, 1, 70, 97, 2, 50, 86, 91, 96, 64, 82, 131, 130, 82, 133, 132, 1, 129, 1, 135, 16, 21, 97, 1, 92, 87, 132, 133, 253, 91, 132, 146, 80, 91, 131, 131, 16, 21, 97, 1, 125, 87, 133, 131, 1, 129, 1, 81, 130, 132, 1, 130, 1, 82, 145, 130, 1, 145, 97, 1, 96, 86, 91, 131, 131, 17, 21, 97, 1, 141, 87, 132, 129, 133, 132, 1, 1, 82, 91, 80, 149, 148, 80, 80, 80, 80, 80, 86, 91, 96, 0, 128, 96, 64, 131, 133, 3, 18, 21, 97, 1, 169, 87, 129, 130, 253, 91, 130, 81, 96, 1, 96, 1, 96, 64, 27, 3, 128, 130, 17, 21, 97, 1, 191, 87, 131, 132, 253, 91, 97, 1, 203, 134, 131, 135, 1, 97, 0, 247, 86, 91, 147, 80, 96, 32, 133, 1, 81, 145, 80, 128, 130, 17, 21, 97, 1, 224, 87, 130, 131, 253, 91, 80, 97, 1, 237, 133, 130, 134, 1, 97, 0, 247, 86, 91, 145, 80, 80, 146, 80, 146, 144, 80, 86, 91, 96, 2, 129, 4, 96, 1, 130, 22, 128, 97, 2, 11, 87, 96, 127, 130, 22, 145, 80, 91, 96, 32, 130, 16, 129, 20, 21, 97, 2, 44, 87, 99, 78, 72, 123, 113, 96, 224, 27, 96, 0, 82, 96, 34, 96, 4, 82, 96, 36, 96, 0, 253, 91, 80, 145, 144, 80, 86, 91, 99, 78, 72, 123, 113, 96, 224, 27, 96, 0, 82, 96, 65, 96, 4, 82, 96, 36, 96, 0, 253, 91, 97, 5, 182, 128, 97, 2, 87, 96, 0, 57, 96, 0, 243, 254, 96, 128, 96, 64, 82, 52, 128, 21, 97, 0, 16, 87, 96, 0, 128, 253, 91, 80, 96, 4, 54, 16, 97, 0, 147, 87, 96, 0, 53, 96, 224, 28, 128, 99, 64, 193, 15, 25, 17, 97, 0, 102, 87, 128, 99, 64, 193, 15, 25, 20, 97, 0, 254, 87, 128, 99, 112, 160, 130, 49, 20, 97, 1, 19, 87, 128, 99, 149, 216, 155, 65, 20, 97, 1, 38, 87, 128, 99, 169, 5, 156, 187, 20, 97, 1, 46, 87, 128, 99, 221, 98, 237, 62, 20, 97, 1, 65, 87, 97, 0, 147, 86, 91, 128, 99, 6, 253, 222, 3, 20, 97, 0, 152, 87, 128, 99, 9, 94, 167, 179, 20, 97, 0, 182, 87, 128, 99, 24, 22, 13, 221, 20, 97, 0, 214, 87, 128, 99, 35, 184, 114, 221, 20, 97, 0, 235, 87, 91, 96, 0, 128, 253, 91, 97, 0, 160, 97, 1, 84, 86, 91, 96, 64, 81, 97, 0, 173, 145, 144, 97, 4, 164, 86, 91, 96, 64, 81, 128, 145, 3, 144, 243, 91, 97, 0, 201, 97, 0, 196, 54, 96, 4, 97, 4, 112, 86, 91, 97, 1, 226, 86, 91, 96, 64, 81, 97, 0, 173, 145, 144, 97, 4, 153, 86, 91, 97, 0, 222, 97, 2, 76, 86, 91, 96, 64, 81, 97, 0, 173, 145, 144, 97, 4, 247, 86, 91, 97, 0, 201, 97, 0, 249, 54, 96, 4, 97, 4, 53, 86, 91, 97, 2, 82, 86, 91, 97, 1, 17, 97, 1, 12, 54, 96, 4, 97, 4, 112, 86, 91, 97, 3, 4, 86, 91, 0, 91, 97, 0, 222, 97, 1, 33, 54, 96, 4, 97, 3, 226, 86, 91, 97, 3, 61, 86, 91, 97, 0, 160, 97, 3, 79, 86, 91, 97, 0, 201, 97, 1, 60, 54, 96, 4, 97, 4, 112, 86, 91, 97, 3, 92, 86, 91, 97, 0, 222, 97, 1, 79, 54, 96, 4, 97, 4, 3, 86, 91, 97, 3, 169, 86, 91, 96, 0, 128, 84, 97, 1, 97, 144, 97, 5, 47, 86, 91, 128, 96, 31, 1, 96, 32, 128, 145, 4, 2, 96, 32, 1, 96, 64, 81, 144, 129, 1, 96, 64, 82, 128, 146, 145, 144, 129, 129, 82, 96, 32, 1, 130, 128, 84, 97, 1, 141, 144, 97, 5, 47, 86, 91, 128, 21, 97, 1, 218, 87, 128, 96, 31, 16, 97, 1, 175, 87, 97, 1, 0, 128, 131, 84, 4, 2, 131, 82, 145, 96, 32, 1, 145, 97, 1, 218, 86, 91, 130, 1, 145, 144, 96, 0, 82, 96, 32, 96, 0, 32, 144, 91, 129, 84, 129, 82, 144, 96, 1, 1, 144, 96, 32, 1, 128, 131, 17, 97, 1, 189, 87, 130, 144, 3, 96, 31, 22, 130, 1, 145, 91, 80, 80, 80, 80, 80, 129, 86, 91, 51, 96, 0, 129, 129, 82, 96, 4, 96, 32, 144, 129, 82, 96, 64, 128, 131, 32, 96, 1, 96, 1, 96, 160, 27, 3, 135, 22, 128, 133, 82, 146, 82, 128, 131, 32, 133, 144, 85, 81, 145, 146, 144, 145, 127, 140, 91, 225, 229, 235, 236, 125, 91, 209, 79, 113, 66, 125, 30, 132, 243, 221, 3, 20, 192, 247, 178, 41, 30, 91, 32, 10, 200, 199, 195, 185, 37, 144, 97, 2, 59, 144, 134, 144, 97, 4, 247, 86, 91, 96, 64, 81, 128, 145, 3, 144, 163, 80, 96, 1, 146, 145, 80, 80, 86, 91, 96, 2, 84, 129, 86, 91, 96, 1, 96, 1, 96, 160, 27, 3, 131, 22, 96, 0, 144, 129, 82, 96, 4, 96, 32, 144, 129, 82, 96, 64, 128, 131, 32, 51, 132, 82, 144, 145, 82, 129, 32, 84, 96, 0, 25, 129, 20, 97, 2, 174, 87, 97, 2, 137, 131, 130, 97, 5, 24, 86, 91, 96, 1, 96, 1, 96, 160, 27, 3, 134, 22, 96, 0, 144, 129, 82, 96, 4, 96, 32, 144, 129, 82, 96, 64, 128, 131, 32, 51, 132, 82, 144, 145, 82, 144, 32, 85, 91, 96, 1, 96, 1, 96, 160, 27, 3, 133, 22, 96, 0, 144, 129, 82, 96, 3, 96, 32, 82, 96, 64, 129, 32, 128, 84, 133, 146, 144, 97, 2, 214, 144, 132, 144, 97, 5, 24, 86, 91, 144, 145, 85, 80, 80, 80, 96, 1, 96, 1, 96, 160, 27, 3, 131, 22, 96, 0, 144, 129, 82, 96, 3, 96, 32, 82, 96, 64, 144, 32, 128, 84, 131, 1, 144, 85, 80, 96, 1, 147, 146, 80, 80, 80, 86, 91, 128, 96, 2, 96, 0, 130, 130, 84, 97, 3, 22, 145, 144, 97, 5, 0, 86, 91, 144, 145, 85, 80, 80, 96, 1, 96, 1, 96, 160, 27, 3, 144, 145, 22, 96, 0, 144, 129, 82, 96, 3, 96, 32, 82, 96, 64, 144, 32, 128, 84, 144, 145, 1, 144, 85, 86, 91, 96, 3, 96, 32, 82, 96, 0, 144, 129, 82, 96, 64, 144, 32, 84, 129, 86, 91, 96, 1, 128, 84, 97, 1, 97, 144, 97, 5, 47, 86, 91, 51, 96, 0, 144, 129, 82, 96, 3, 96, 32, 82, 96, 64, 129, 32, 128, 84, 131, 145, 144, 131, 144, 97, 3, 125, 144, 132, 144, 97, 5, 24, 86, 91, 144, 145, 85, 80, 80, 80, 96, 1, 96, 1, 96, 160, 27, 3, 130, 22, 96, 0, 144, 129, 82, 96, 3, 96, 32, 82, 96, 64, 144, 32, 128, 84, 130, 1, 144, 85, 96, 1, 146, 145, 80, 80, 86, 91, 96, 4, 96, 32, 144, 129, 82, 96, 0, 146, 131, 82, 96, 64, 128, 132, 32, 144, 145, 82, 144, 130, 82, 144, 32, 84, 129, 86, 91, 128, 53, 96, 1, 96, 1, 96, 160, 27, 3, 129, 22, 129, 20, 97, 3, 221, 87, 96, 0, 128, 253, 91, 145, 144, 80, 86, 91, 96, 0, 96, 32, 130, 132, 3, 18, 21, 97, 3, 243, 87, 128, 129, 253, 91, 97, 3, 252, 130, 97, 3, 198, 86, 91, 147, 146, 80, 80, 80, 86, 91, 96, 0, 128, 96, 64, 131, 133, 3, 18, 21, 97, 4, 21, 87, 128, 129, 253, 91, 97, 4, 30, 131, 97, 3, 198, 86, 91, 145, 80, 97, 4, 44, 96, 32, 132, 1, 97, 3, 198, 86, 91, 144, 80, 146, 80, 146, 144, 80, 86, 91, 96, 0, 128, 96, 0, 96, 96, 132, 134, 3, 18, 21, 97, 4, 73, 87, 128, 129, 253, 91, 97, 4, 82, 132, 97, 3, 198, 86, 91, 146, 80, 97, 4, 96, 96, 32, 133, 1, 97, 3, 198, 86, 91, 145, 80, 96, 64, 132, 1, 53, 144, 80, 146, 80, 146, 80, 146, 86, 91, 96, 0, 128, 96, 64, 131, 133, 3, 18, 21, 97, 4, 130, 87, 129, 130, 253, 91, 97, 4, 139, 131, 97, 3, 198, 86, 91, 148, 96, 32, 147, 144, 147, 1, 53, 147, 80, 80, 80, 86, 91, 144, 21, 21, 129, 82, 96, 32, 1, 144, 86, 91, 96, 0, 96, 32, 128, 131, 82, 131, 81, 128, 130, 133, 1, 82, 130, 91, 129, 129, 16, 21, 97, 4, 208, 87, 133, 129, 1, 131, 1, 81, 133, 130, 1, 96, 64, 1, 82, 130, 1, 97, 4, 180, 86, 91, 129, 129, 17, 21, 97, 4, 225, 87, 131, 96, 64, 131, 135, 1, 1, 82, 91, 80, 96, 31, 1, 96, 31, 25, 22, 146, 144, 146, 1, 96, 64, 1, 147, 146, 80, 80, 80, 86, 91, 144, 129, 82, 96, 32, 1, 144, 86, 91, 96, 0, 130, 25, 130, 17, 21, 97, 5, 19, 87, 97, 5, 19, 97, 5, 106, 86, 91, 80, 1, 144, 86, 91, 96, 0, 130, 130, 16, 21, 97, 5, 42, 87, 97, 5, 42, 97, 5, 106, 86, 91, 80, 3, 144, 86, 91, 96, 2, 129, 4, 96, 1, 130, 22, 128, 97, 5, 67, 87, 96, 127, 130, 22, 145, 80, 91, 96, 32, 130, 16, 129, 20, 21, 97, 5, 100, 87, 99, 78, 72, 123, 113, 96, 224, 27, 96, 0, 82, 96, 34, 96, 4, 82, 96, 36, 96, 0, 253, 91, 80, 145, 144, 80, 86, 91, 99, 78, 72, 123, 113, 96, 224, 27, 96, 0, 82, 96, 17, 96, 4, 82, 96, 36, 96, 0, 253, 254, 162, 100, 105, 112, 102, 115, 88, 34, 18, 32, 78, 83, 135, 106, 122, 191, 8, 12, 231, 179, 141, 255, 225, 87, 46, 196, 132, 58, 131, 197, 101, 239, 210, 254, 235, 133, 105, 132, 181, 175, 111, 183, 100, 115, 111, 108, 99, 67, 0, 8, 0, 0, 51, 0, 0, 0, 0, 0, 0, 0, 0, 0, 0, 0, 0, 0, 0, 0, 0, 0, 0, 0, 0, 0, 0, 0, 0, 0, 0, 0, 0, 0, 0, 0, 64, 0, 0, 0, 0, 0, 0, 0, 0, 0, 0, 0, 0, 0, 0, 0, 0, 0, 0, 0, 0, 0, 0, 0, 0, 0, 0, 0, 0, 0, 0, 0, 128, 0, 0, 0, 0, 0, 0, 0, 0, 0, 0, 0, 0, 0, 0, 0, 0, 0, 0, 0, 0, 0, 0, 0, 0, 0, 0, 0, 0, 0, 0, 0, 7, 75, 97, 107, 97, 114, 111, 116, 0, 0, 0, 0, 0, 0, 0, 0, 0, 0, 0, 0, 0, 0, 0, 0, 0, 0, 0, 0, 0, 0, 0, 0, 0, 0, 0, 0, 0, 0, 0, 0, 0, 0, 0, 0, 0, 0, 0, 0, 0, 0, 0, 0, 0, 0, 0, 0, 0, 0, 0, 0, 0, 0, 0, 0, 3, 83, 74, 78, 0, 0, 0, 0, 0, 0, 0, 0, 0, 0, 0, 0, 0, 0, 0, 0, 0, 0, 0, 0, 0, 0, 0, 0, 0, 0, 0, 0, 0]}",167460,23670,solmate_erc20_all_test,6773.0,0.0,2255.0
113,kakarot,execute_at_address,(),"{'address': 0, 'value': 0, 'calldata': [96, 128, 96, 64, 82, 52, 128, 21, 97, 0, 16, 87, 96, 0, 128, 253, 91, 80, 96, 64, 81, 97, 8, 13, 56, 3, 128, 97, 8, 13, 131, 57, 129, 1, 96, 64, 129, 144, 82, 97, 0, 47, 145, 97, 1, 151, 86, 91, 129, 81, 97, 0, 66, 144, 96, 0, 144, 96, 32, 133, 1, 144, 97, 0, 94, 86, 91, 80, 128, 81, 97, 0, 86, 144, 96, 1, 144, 96, 32, 132, 1, 144, 97, 0, 94, 86, 91, 80, 80, 80, 97, 2, 72, 86, 91, 130, 128, 84, 97, 0, 106, 144, 97, 1, 247, 86, 91, 144, 96, 0, 82, 96, 32, 96, 0, 32, 144, 96, 31, 1, 96, 32, 144, 4, 129, 1, 146, 130, 97, 0, 140, 87, 96, 0, 133, 85, 97, 0, 210, 86, 91, 130, 96, 31, 16, 97, 0, 165, 87, 128, 81, 96, 255, 25, 22, 131, 128, 1, 23, 133, 85, 97, 0, 210, 86, 91, 130, 128, 1, 96, 1, 1, 133, 85, 130, 21, 97, 0, 210, 87, 145, 130, 1, 91, 130, 129, 17, 21, 97, 0, 210, 87, 130, 81, 130, 85, 145, 96, 32, 1, 145, 144, 96, 1, 1, 144, 97, 0, 183, 86, 91, 80, 97, 0, 222, 146, 145, 80, 97, 0, 226, 86, 91, 80, 144, 86, 91, 91, 128, 130, 17, 21, 97, 0, 222, 87, 96, 0, 129, 85, 96, 1, 1, 97, 0, 227, 86, 91, 96, 0, 130, 96, 31, 131, 1, 18, 97, 1, 7, 87, 128, 129, 253, 91, 129, 81, 96, 1, 96, 1, 96, 64, 27, 3, 128, 130, 17, 21, 97, 1, 33, 87, 97, 1, 33, 97, 2, 50, 86, 91, 96, 64, 81, 96, 32, 96, 31, 132, 1, 96, 31, 25, 22, 130, 1, 129, 1, 131, 129, 17, 131, 130, 16, 23, 21, 97, 1, 70, 87, 97, 1, 70, 97, 2, 50, 86, 91, 96, 64, 82, 131, 130, 82, 133, 132, 1, 129, 1, 135, 16, 21, 97, 1, 92, 87, 132, 133, 253, 91, 132, 146, 80, 91, 131, 131, 16, 21, 97, 1, 125, 87, 133, 131, 1, 129, 1, 81, 130, 132, 1, 130, 1, 82, 145, 130, 1, 145, 97, 1, 96, 86, 91, 131, 131, 17, 21, 97, 1, 141, 87, 132, 129, 133, 132, 1, 1, 82, 91, 80, 149, 148, 80, 80, 80, 80, 80, 86, 91, 96, 0, 128, 96, 64, 131, 133, 3, 18, 21, 97, 1, 169, 87, 129, 130, 253, 91, 130, 81, 96, 1, 96, 1, 96, 64, 27, 3, 128, 130, 17, 21, 97, 1, 191, 87, 131, 132, 253, 91, 97, 1, 203, 134, 131, 135, 1, 97, 0, 247, 86, 91, 147, 80, 96, 32, 133, 1, 81, 145, 80, 128, 130, 17, 21, 97, 1, 224, 87, 130, 131, 253, 91, 80, 97, 1, 237, 133, 130, 134, 1, 97, 0, 247, 86, 91, 145, 80, 80, 146, 80, 146, 144, 80, 86, 91, 96, 2, 129, 4, 96, 1, 130, 22, 128, 97, 2, 11, 87, 96, 127, 130, 22, 145, 80, 91, 96, 32, 130, 16, 129, 20, 21, 97, 2, 44, 87, 99, 78, 72, 123, 113, 96, 224, 27, 96, 0, 82, 96, 34, 96, 4, 82, 96, 36, 96, 0, 253, 91, 80, 145, 144, 80, 86, 91, 99, 78, 72, 123, 113, 96, 224, 27, 96, 0, 82, 96, 65, 96, 4, 82, 96, 36, 96, 0, 253, 91, 97, 5, 182, 128, 97, 2, 87, 96, 0, 57, 96, 0, 243, 254, 96, 128, 96, 64, 82, 52, 128, 21, 97, 0, 16, 87, 96, 0, 128, 253, 91, 80, 96, 4, 54, 16, 97, 0, 147, 87, 96, 0, 53, 96, 224, 28, 128, 99, 64, 193, 15, 25, 17, 97, 0, 102, 87, 128, 99, 64, 193, 15, 25, 20, 97, 0, 254, 87, 128, 99, 112, 160, 130, 49, 20, 97, 1, 19, 87, 128, 99, 149, 216, 155, 65, 20, 97, 1, 38, 87, 128, 99, 169, 5, 156, 187, 20, 97, 1, 46, 87, 128, 99, 221, 98, 237, 62, 20, 97, 1, 65, 87, 97, 0, 147, 86, 91, 128, 99, 6, 253, 222, 3, 20, 97, 0, 152, 87, 128, 99, 9, 94, 167, 179, 20, 97, 0, 182, 87, 128, 99, 24, 22, 13, 221, 20, 97, 0, 214, 87, 128, 99, 35, 184, 114, 221, 20, 97, 0, 235, 87, 91, 96, 0, 128, 253, 91, 97, 0, 160, 97, 1, 84, 86, 91, 96, 64, 81, 97, 0, 173, 145, 144, 97, 4, 164, 86, 91, 96, 64, 81, 128, 145, 3, 144, 243, 91, 97, 0, 201, 97, 0, 196, 54, 96, 4, 97, 4, 112, 86, 91, 97, 1, 226, 86, 91, 96, 64, 81, 97, 0, 173, 145, 144, 97, 4, 153, 86, 91, 97, 0, 222, 97, 2, 76, 86, 91, 96, 64, 81, 97, 0, 173, 145, 144, 97, 4, 247, 86, 91, 97, 0, 201, 97, 0, 249, 54, 96, 4, 97, 4, 53, 86, 91, 97, 2, 82, 86, 91, 97, 1, 17, 97, 1, 12, 54, 96, 4, 97, 4, 112, 86, 91, 97, 3, 4, 86, 91, 0, 91, 97, 0, 222, 97, 1, 33, 54, 96, 4, 97, 3, 226, 86, 91, 97, 3, 61, 86, 91, 97, 0, 160, 97, 3, 79, 86, 91, 97, 0, 201, 97, 1, 60, 54, 96, 4, 97, 4, 112, 86, 91, 97, 3, 92, 86, 91, 97, 0, 222, 97, 1, 79, 54, 96, 4, 97, 4, 3, 86, 91, 97, 3, 169, 86, 91, 96, 0, 128, 84, 97, 1, 97, 144, 97, 5, 47, 86, 91, 128, 96, 31, 1, 96, 32, 128, 145, 4, 2, 96, 32, 1, 96, 64, 81, 144, 129, 1, 96, 64, 82, 128, 146, 145, 144, 129, 129, 82, 96, 32, 1, 130, 128, 84, 97, 1, 141, 144, 97, 5, 47, 86, 91, 128, 21, 97, 1, 218, 87, 128, 96, 31, 16, 97, 1, 175, 87, 97, 1, 0, 128, 131, 84, 4, 2, 131, 82, 145, 96, 32, 1, 145, 97, 1, 218, 86, 91, 130, 1, 145, 144, 96, 0, 82, 96, 32, 96, 0, 32, 144, 91, 129, 84, 129, 82, 144, 96, 1, 1, 144, 96, 32, 1, 128, 131, 17, 97, 1, 189, 87, 130, 144, 3, 96, 31, 22, 130, 1, 145, 91, 80, 80, 80, 80, 80, 129, 86, 91, 51, 96, 0, 129, 129, 82, 96, 4, 96, 32, 144, 129, 82, 96, 64, 128, 131, 32, 96, 1, 96, 1, 96, 160, 27, 3, 135, 22, 128, 133, 82, 146, 82, 128, 131, 32, 133, 144, 85, 81, 145, 146, 144, 145, 127, 140, 91, 225, 229, 235, 236, 125, 91, 209, 79, 113, 66, 125, 30, 132, 243, 221, 3, 20, 192, 247, 178, 41, 30, 91, 32, 10, 200, 199, 195, 185, 37, 144, 97, 2, 59, 144, 134, 144, 97, 4, 247, 86, 91, 96, 64, 81, 128, 145, 3, 144, 163, 80, 96, 1, 146, 145, 80, 80, 86, 91, 96, 2, 84, 129, 86, 91, 96, 1, 96, 1, 96, 160, 27, 3, 131, 22, 96, 0, 144, 129, 82, 96, 4, 96, 32, 144, 129, 82, 96, 64, 128, 131, 32, 51, 132, 82, 144, 145, 82, 129, 32, 84, 96, 0, 25, 129, 20, 97, 2, 174, 87, 97, 2, 137, 131, 130, 97, 5, 24, 86, 91, 96, 1, 96, 1, 96, 160, 27, 3, 134, 22, 96, 0, 144, 129, 82, 96, 4, 96, 32, 144, 129, 82, 96, 64, 128, 131, 32, 51, 132, 82, 144, 145, 82, 144, 32, 85, 91, 96, 1, 96, 1, 96, 160, 27, 3, 133, 22, 96, 0, 144, 129, 82, 96, 3, 96, 32, 82, 96, 64, 129, 32, 128, 84, 133, 146, 144, 97, 2, 214, 144, 132, 144, 97, 5, 24, 86, 91, 144, 145, 85, 80, 80, 80, 96, 1, 96, 1, 96, 160, 27, 3, 131, 22, 96, 0, 144, 129, 82, 96, 3, 96, 32, 82, 96, 64, 144, 32, 128, 84, 131, 1, 144, 85, 80, 96, 1, 147, 146, 80, 80, 80, 86, 91, 128, 96, 2, 96, 0, 130, 130, 84, 97, 3, 22, 145, 144, 97, 5, 0, 86, 91, 144, 145, 85, 80, 80, 96, 1, 96, 1, 96, 160, 27, 3, 144, 145, 22, 96, 0, 144, 129, 82, 96, 3, 96, 32, 82, 96, 64, 144, 32, 128, 84, 144, 145, 1, 144, 85, 86, 91, 96, 3, 96, 32, 82, 96, 0, 144, 129, 82, 96, 64, 144, 32, 84, 129, 86, 91, 96, 1, 128, 84, 97, 1, 97, 144, 97, 5, 47, 86, 91, 51, 96, 0, 144, 129, 82, 96, 3, 96, 32, 82, 96, 64, 129, 32, 128, 84, 131, 145, 144, 131, 144, 97, 3, 125, 144, 132, 144, 97, 5, 24, 86, 91, 144, 145, 85, 80, 80, 80, 96, 1, 96, 1, 96, 160, 27, 3, 130, 22, 96, 0, 144, 129, 82, 96, 3, 96, 32, 82, 96, 64, 144, 32, 128, 84, 130, 1, 144, 85, 96, 1, 146, 145, 80, 80, 86, 91, 96, 4, 96, 32, 144, 129, 82, 96, 0, 146, 131, 82, 96, 64, 128, 132, 32, 144, 145, 82, 144, 130, 82, 144, 32, 84, 129, 86, 91, 128, 53, 96, 1, 96, 1, 96, 160, 27, 3, 129, 22, 129, 20, 97, 3, 221, 87, 96, 0, 128, 253, 91, 145, 144, 80, 86, 91, 96, 0, 96, 32, 130, 132, 3, 18, 21, 97, 3, 243, 87, 128, 129, 253, 91, 97, 3, 252, 130, 97, 3, 198, 86, 91, 147, 146, 80, 80, 80, 86, 91, 96, 0, 128, 96, 64, 131, 133, 3, 18, 21, 97, 4, 21, 87, 128, 129, 253, 91, 97, 4, 30, 131, 97, 3, 198, 86, 91, 145, 80, 97, 4, 44, 96, 32, 132, 1, 97, 3, 198, 86, 91, 144, 80, 146, 80, 146, 144, 80, 86, 91, 96, 0, 128, 96, 0, 96, 96, 132, 134, 3, 18, 21, 97, 4, 73, 87, 128, 129, 253, 91, 97, 4, 82, 132, 97, 3, 198, 86, 91, 146, 80, 97, 4, 96, 96, 32, 133, 1, 97, 3, 198, 86, 91, 145, 80, 96, 64, 132, 1, 53, 144, 80, 146, 80, 146, 80, 146, 86, 91, 96, 0, 128, 96, 64, 131, 133, 3, 18, 21, 97, 4, 130, 87, 129, 130, 253, 91, 97, 4, 139, 131, 97, 3, 198, 86, 91, 148, 96, 32, 147, 144, 147, 1, 53, 147, 80, 80, 80, 86, 91, 144, 21, 21, 129, 82, 96, 32, 1, 144, 86, 91, 96, 0, 96, 32, 128, 131, 82, 131, 81, 128, 130, 133, 1, 82, 130, 91, 129, 129, 16, 21, 97, 4, 208, 87, 133, 129, 1, 131, 1, 81, 133, 130, 1, 96, 64, 1, 82, 130, 1, 97, 4, 180, 86, 91, 129, 129, 17, 21, 97, 4, 225, 87, 131, 96, 64, 131, 135, 1, 1, 82, 91, 80, 96, 31, 1, 96, 31, 25, 22, 146, 144, 146, 1, 96, 64, 1, 147, 146, 80, 80, 80, 86, 91, 144, 129, 82, 96, 32, 1, 144, 86, 91, 96, 0, 130, 25, 130, 17, 21, 97, 5, 19, 87, 97, 5, 19, 97, 5, 106, 86, 91, 80, 1, 144, 86, 91, 96, 0, 130, 130, 16, 21, 97, 5, 42, 87, 97, 5, 42, 97, 5, 106, 86, 91, 80, 3, 144, 86, 91, 96, 2, 129, 4, 96, 1, 130, 22, 128, 97, 5, 67, 87, 96, 127, 130, 22, 145, 80, 91, 96, 32, 130, 16, 129, 20, 21, 97, 5, 100, 87, 99, 78, 72, 123, 113, 96, 224, 27, 96, 0, 82, 96, 34, 96, 4, 82, 96, 36, 96, 0, 253, 91, 80, 145, 144, 80, 86, 91, 99, 78, 72, 123, 113, 96, 224, 27, 96, 0, 82, 96, 17, 96, 4, 82, 96, 36, 96, 0, 253, 254, 162, 100, 105, 112, 102, 115, 88, 34, 18, 32, 78, 83, 135, 106, 122, 191, 8, 12, 231, 179, 141, 255, 225, 87, 46, 196, 132, 58, 131, 197, 101, 239, 210, 254, 235, 133, 105, 132, 181, 175, 111, 183, 100, 115, 111, 108, 99, 67, 0, 8, 0, 0, 51, 0, 0, 0, 0, 0, 0, 0, 0, 0, 0, 0, 0, 0, 0, 0, 0, 0, 0, 0, 0, 0, 0, 0, 0, 0, 0, 0, 0, 0, 0, 0, 64, 0, 0, 0, 0, 0, 0, 0, 0, 0, 0, 0, 0, 0, 0, 0, 0, 0, 0, 0, 0, 0, 0, 0, 0, 0, 0, 0, 0, 0, 0, 0, 128, 0, 0, 0, 0, 0, 0, 0, 0, 0, 0, 0, 0, 0, 0, 0, 0, 0, 0, 0, 0, 0, 0, 0, 0, 0, 0, 0, 0, 0, 0, 0, 7, 75, 97, 107, 97, 114, 111, 116, 0, 0, 0, 0, 0, 0, 0, 0, 0, 0, 0, 0, 0, 0, 0, 0, 0, 0, 0, 0, 0, 0, 0, 0, 0, 0, 0, 0, 0, 0, 0, 0, 0, 0, 0, 0, 0, 0, 0, 0, 0, 0, 0, 0, 0, 0, 0, 0, 0, 0, 0, 0, 0, 0, 0, 0, 3, 83, 74, 78, 0, 0, 0, 0, 0, 0, 0, 0, 0, 0, 0, 0, 0, 0, 0, 0, 0, 0, 0, 0, 0, 0, 0, 0, 0, 0, 0, 0, 0]}",167460,23670,solmate_erc20_mint,6773.0,0.0,2255.0
116,kakarot,execute_at_address,(),"{'address': 0, 'value': 0, 'calldata': [96, 128, 96, 64, 82, 52, 128, 21, 97, 0, 16, 87, 96, 0, 128, 253, 91, 80, 96, 64, 81, 97, 8, 13, 56, 3, 128, 97, 8, 13, 131, 57, 129, 1, 96, 64, 129, 144, 82, 97, 0, 47, 145, 97, 1, 151, 86, 91, 129, 81, 97, 0, 66, 144, 96, 0, 144, 96, 32, 133, 1, 144, 97, 0, 94, 86, 91, 80, 128, 81, 97, 0, 86, 144, 96, 1, 144, 96, 32, 132, 1, 144, 97, 0, 94, 86, 91, 80, 80, 80, 97, 2, 72, 86, 91, 130, 128, 84, 97, 0, 106, 144, 97, 1, 247, 86, 91, 144, 96, 0, 82, 96, 32, 96, 0, 32, 144, 96, 31, 1, 96, 32, 144, 4, 129, 1, 146, 130, 97, 0, 140, 87, 96, 0, 133, 85, 97, 0, 210, 86, 91, 130, 96, 31, 16, 97, 0, 165, 87, 128, 81, 96, 255, 25, 22, 131, 128, 1, 23, 133, 85, 97, 0, 210, 86, 91, 130, 128, 1, 96, 1, 1, 133, 85, 130, 21, 97, 0, 210, 87, 145, 130, 1, 91, 130, 129, 17, 21, 97, 0, 210, 87, 130, 81, 130, 85, 145, 96, 32, 1, 145, 144, 96, 1, 1, 144, 97, 0, 183, 86, 91, 80, 97, 0, 222, 146, 145, 80, 97, 0, 226, 86, 91, 80, 144, 86, 91, 91, 128, 130, 17, 21, 97, 0, 222, 87, 96, 0, 129, 85, 96, 1, 1, 97, 0, 227, 86, 91, 96, 0, 130, 96, 31, 131, 1, 18, 97, 1, 7, 87, 128, 129, 253, 91, 129, 81, 96, 1, 96, 1, 96, 64, 27, 3, 128, 130, 17, 21, 97, 1, 33, 87, 97, 1, 33, 97, 2, 50, 86, 91, 96, 64, 81, 96, 32, 96, 31, 132, 1, 96, 31, 25, 22, 130, 1, 129, 1, 131, 129, 17, 131, 130, 16, 23, 21, 97, 1, 70, 87, 97, 1, 70, 97, 2, 50, 86, 91, 96, 64, 82, 131, 130, 82, 133, 132, 1, 129, 1, 135, 16, 21, 97, 1, 92, 87, 132, 133, 253, 91, 132, 146, 80, 91, 131, 131, 16, 21, 97, 1, 125, 87, 133, 131, 1, 129, 1, 81, 130, 132, 1, 130, 1, 82, 145, 130, 1, 145, 97, 1, 96, 86, 91, 131, 131, 17, 21, 97, 1, 141, 87, 132, 129, 133, 132, 1, 1, 82, 91, 80, 149, 148, 80, 80, 80, 80, 80, 86, 91, 96, 0, 128, 96, 64, 131, 133, 3, 18, 21, 97, 1, 169, 87, 129, 130, 253, 91, 130, 81, 96, 1, 96, 1, 96, 64, 27, 3, 128, 130, 17, 21, 97, 1, 191, 87, 131, 132, 253, 91, 97, 1, 203, 134, 131, 135, 1, 97, 0, 247, 86, 91, 147, 80, 96, 32, 133, 1, 81, 145, 80, 128, 130, 17, 21, 97, 1, 224, 87, 130, 131, 253, 91, 80, 97, 1, 237, 133, 130, 134, 1, 97, 0, 247, 86, 91, 145, 80, 80, 146, 80, 146, 144, 80, 86, 91, 96, 2, 129, 4, 96, 1, 130, 22, 128, 97, 2, 11, 87, 96, 127, 130, 22, 145, 80, 91, 96, 32, 130, 16, 129, 20, 21, 97, 2, 44, 87, 99, 78, 72, 123, 113, 96, 224, 27, 96, 0, 82, 96, 34, 96, 4, 82, 96, 36, 96, 0, 253, 91, 80, 145, 144, 80, 86, 91, 99, 78, 72, 123, 113, 96, 224, 27, 96, 0, 82, 96, 65, 96, 4, 82, 96, 36, 96, 0, 253, 91, 97, 5, 182, 128, 97, 2, 87, 96, 0, 57, 96, 0, 243, 254, 96, 128, 96, 64, 82, 52, 128, 21, 97, 0, 16, 87, 96, 0, 128, 253, 91, 80, 96, 4, 54, 16, 97, 0, 147, 87, 96, 0, 53, 96, 224, 28, 128, 99, 64, 193, 15, 25, 17, 97, 0, 102, 87, 128, 99, 64, 193, 15, 25, 20, 97, 0, 254, 87, 128, 99, 112, 160, 130, 49, 20, 97, 1, 19, 87, 128, 99, 149, 216, 155, 65, 20, 97, 1, 38, 87, 128, 99, 169, 5, 156, 187, 20, 97, 1, 46, 87, 128, 99, 221, 98, 237, 62, 20, 97, 1, 65, 87, 97, 0, 147, 86, 91, 128, 99, 6, 253, 222, 3, 20, 97, 0, 152, 87, 128, 99, 9, 94, 167, 179, 20, 97, 0, 182, 87, 128, 99, 24, 22, 13, 221, 20, 97, 0, 214, 87, 128, 99, 35, 184, 114, 221, 20, 97, 0, 235, 87, 91, 96, 0, 128, 253, 91, 97, 0, 160, 97, 1, 84, 86, 91, 96, 64, 81, 97, 0, 173, 145, 144, 97, 4, 164, 86, 91, 96, 64, 81, 128, 145, 3, 144, 243, 91, 97, 0, 201, 97, 0, 196, 54, 96, 4, 97, 4, 112, 86, 91, 97, 1, 226, 86, 91, 96, 64, 81, 97, 0, 173, 145, 144, 97, 4, 153, 86, 91, 97, 0, 222, 97, 2, 76, 86, 91, 96, 64, 81, 97, 0, 173, 145, 144, 97, 4, 247, 86, 91, 97, 0, 201, 97, 0, 249, 54, 96, 4, 97, 4, 53, 86, 91, 97, 2, 82, 86, 91, 97, 1, 17, 97, 1, 12, 54, 96, 4, 97, 4, 112, 86, 91, 97, 3, 4, 86, 91, 0, 91, 97, 0, 222, 97, 1, 33, 54, 96, 4, 97, 3, 226, 86, 91, 97, 3, 61, 86, 91, 97, 0, 160, 97, 3, 79, 86, 91, 97, 0, 201, 97, 1, 60, 54, 96, 4, 97, 4, 112, 86, 91, 97, 3, 92, 86, 91, 97, 0, 222, 97, 1, 79, 54, 96, 4, 97, 4, 3, 86, 91, 97, 3, 169, 86, 91, 96, 0, 128, 84, 97, 1, 97, 144, 97, 5, 47, 86, 91, 128, 96, 31, 1, 96, 32, 128, 145, 4, 2, 96, 32, 1, 96, 64, 81, 144, 129, 1, 96, 64, 82, 128, 146, 145, 144, 129, 129, 82, 96, 32, 1, 130, 128, 84, 97, 1, 141, 144, 97, 5, 47, 86, 91, 128, 21, 97, 1, 218, 87, 128, 96, 31, 16, 97, 1, 175, 87, 97, 1, 0, 128, 131, 84, 4, 2, 131, 82, 145, 96, 32, 1, 145, 97, 1, 218, 86, 91, 130, 1, 145, 144, 96, 0, 82, 96, 32, 96, 0, 32, 144, 91, 129, 84, 129, 82, 144, 96, 1, 1, 144, 96, 32, 1, 128, 131, 17, 97, 1, 189, 87, 130, 144, 3, 96, 31, 22, 130, 1, 145, 91, 80, 80, 80, 80, 80, 129, 86, 91, 51, 96, 0, 129, 129, 82, 96, 4, 96, 32, 144, 129, 82, 96, 64, 128, 131, 32, 96, 1, 96, 1, 96, 160, 27, 3, 135, 22, 128, 133, 82, 146, 82, 128, 131, 32, 133, 144, 85, 81, 145, 146, 144, 145, 127, 140, 91, 225, 229, 235, 236, 125, 91, 209, 79, 113, 66, 125, 30, 132, 243, 221, 3, 20, 192, 247, 178, 41, 30, 91, 32, 10, 200, 199, 195, 185, 37, 144, 97, 2, 59, 144, 134, 144, 97, 4, 247, 86, 91, 96, 64, 81, 128, 145, 3, 144, 163, 80, 96, 1, 146, 145, 80, 80, 86, 91, 96, 2, 84, 129, 86, 91, 96, 1, 96, 1, 96, 160, 27, 3, 131, 22, 96, 0, 144, 129, 82, 96, 4, 96, 32, 144, 129, 82, 96, 64, 128, 131, 32, 51, 132, 82, 144, 145, 82, 129, 32, 84, 96, 0, 25, 129, 20, 97, 2, 174, 87, 97, 2, 137, 131, 130, 97, 5, 24, 86, 91, 96, 1, 96, 1, 96, 160, 27, 3, 134, 22, 96, 0, 144, 129, 82, 96, 4, 96, 32, 144, 129, 82, 96, 64, 128, 131, 32, 51, 132, 82, 144, 145, 82, 144, 32, 85, 91, 96, 1, 96, 1, 96, 160, 27, 3, 133, 22, 96, 0, 144, 129, 82, 96, 3, 96, 32, 82, 96, 64, 129, 32, 128, 84, 133, 146, 144, 97, 2, 214, 144, 132, 144, 97, 5, 24, 86, 91, 144, 145, 85, 80, 80, 80, 96, 1, 96, 1, 96, 160, 27, 3, 131, 22, 96, 0, 144, 129, 82, 96, 3, 96, 32, 82, 96, 64, 144, 32, 128, 84, 131, 1, 144, 85, 80, 96, 1, 147, 146, 80, 80, 80, 86, 91, 128, 96, 2, 96, 0, 130, 130, 84, 97, 3, 22, 145, 144, 97, 5, 0, 86, 91, 144, 145, 85, 80, 80, 96, 1, 96, 1, 96, 160, 27, 3, 144, 145, 22, 96, 0, 144, 129, 82, 96, 3, 96, 32, 82, 96, 64, 144, 32, 128, 84, 144, 145, 1, 144, 85, 86, 91, 96, 3, 96, 32, 82, 96, 0, 144, 129, 82, 96, 64, 144, 32, 84, 129, 86, 91, 96, 1, 128, 84, 97, 1, 97, 144, 97, 5, 47, 86, 91, 51, 96, 0, 144, 129, 82, 96, 3, 96, 32, 82, 96, 64, 129, 32, 128, 84, 131, 145, 144, 131, 144, 97, 3, 125, 144, 132, 144, 97, 5, 24, 86, 91, 144, 145, 85, 80, 80, 80, 96, 1, 96, 1, 96, 160, 27, 3, 130, 22, 96, 0, 144, 129, 82, 96, 3, 96, 32, 82, 96, 64, 144, 32, 128, 84, 130, 1, 144, 85, 96, 1, 146, 145, 80, 80, 86, 91, 96, 4, 96, 32, 144, 129, 82, 96, 0, 146, 131, 82, 96, 64, 128, 132, 32, 144, 145, 82, 144, 130, 82, 144, 32, 84, 129, 86, 91, 128, 53, 96, 1, 96, 1, 96, 160, 27, 3, 129, 22, 129, 20, 97, 3, 221, 87, 96, 0, 128, 253, 91, 145, 144, 80, 86, 91, 96, 0, 96, 32, 130, 132, 3, 18, 21, 97, 3, 243, 87, 128, 129, 253, 91, 97, 3, 252, 130, 97, 3, 198, 86, 91, 147, 146, 80, 80, 80, 86, 91, 96, 0, 128, 96, 64, 131, 133, 3, 18, 21, 97, 4, 21, 87, 128, 129, 253, 91, 97, 4, 30, 131, 97, 3, 198, 86, 91, 145, 80, 97, 4, 44, 96, 32, 132, 1, 97, 3, 198, 86, 91, 144, 80, 146, 80, 146, 144, 80, 86, 91, 96, 0, 128, 96, 0, 96, 96, 132, 134, 3, 18, 21, 97, 4, 73, 87, 128, 129, 253, 91, 97, 4, 82, 132, 97, 3, 198, 86, 91, 146, 80, 97, 4, 96, 96, 32, 133, 1, 97, 3, 198, 86, 91, 145, 80, 96, 64, 132, 1, 53, 144, 80, 146, 80, 146, 80, 146, 86, 91, 96, 0, 128, 96, 64, 131, 133, 3, 18, 21, 97, 4, 130, 87, 129, 130, 253, 91, 97, 4, 139, 131, 97, 3, 198, 86, 91, 148, 96, 32, 147, 144, 147, 1, 53, 147, 80, 80, 80, 86, 91, 144, 21, 21, 129, 82, 96, 32, 1, 144, 86, 91, 96, 0, 96, 32, 128, 131, 82, 131, 81, 128, 130, 133, 1, 82, 130, 91, 129, 129, 16, 21, 97, 4, 208, 87, 133, 129, 1, 131, 1, 81, 133, 130, 1, 96, 64, 1, 82, 130, 1, 97, 4, 180, 86, 91, 129, 129, 17, 21, 97, 4, 225, 87, 131, 96, 64, 131, 135, 1, 1, 82, 91, 80, 96, 31, 1, 96, 31, 25, 22, 146, 144, 146, 1, 96, 64, 1, 147, 146, 80, 80, 80, 86, 91, 144, 129, 82, 96, 32, 1, 144, 86, 91, 96, 0, 130, 25, 130, 17, 21, 97, 5, 19, 87, 97, 5, 19, 97, 5, 106, 86, 91, 80, 1, 144, 86, 91, 96, 0, 130, 130, 16, 21, 97, 5, 42, 87, 97, 5, 42, 97, 5, 106, 86, 91, 80, 3, 144, 86, 91, 96, 2, 129, 4, 96, 1, 130, 22, 128, 97, 5, 67, 87, 96, 127, 130, 22, 145, 80, 91, 96, 32, 130, 16, 129, 20, 21, 97, 5, 100, 87, 99, 78, 72, 123, 113, 96, 224, 27, 96, 0, 82, 96, 34, 96, 4, 82, 96, 36, 96, 0, 253, 91, 80, 145, 144, 80, 86, 91, 99, 78, 72, 123, 113, 96, 224, 27, 96, 0, 82, 96, 17, 96, 4, 82, 96, 36, 96, 0, 253, 254, 162, 100, 105, 112, 102, 115, 88, 34, 18, 32, 78, 83, 135, 106, 122, 191, 8, 12, 231, 179, 141, 255, 225, 87, 46, 196, 132, 58, 131, 197, 101, 239, 210, 254, 235, 133, 105, 132, 181, 175, 111, 183, 100, 115, 111, 108, 99, 67, 0, 8, 0, 0, 51, 0, 0, 0, 0, 0, 0, 0, 0, 0, 0, 0, 0, 0, 0, 0, 0, 0, 0, 0, 0, 0, 0, 0, 0, 0, 0, 0, 0, 0, 0, 0, 64, 0, 0, 0, 0, 0, 0, 0, 0, 0, 0, 0, 0, 0, 0, 0, 0, 0, 0, 0, 0, 0, 0, 0, 0, 0, 0, 0, 0, 0, 0, 0, 128, 0, 0, 0, 0, 0, 0, 0, 0, 0, 0, 0, 0, 0, 0, 0, 0, 0, 0, 0, 0, 0, 0, 0, 0, 0, 0, 0, 0, 0, 0, 0, 7, 75, 97, 107, 97, 114, 111, 116, 0, 0, 0, 0, 0, 0, 0, 0, 0, 0, 0, 0, 0, 0, 0, 0, 0, 0, 0, 0, 0, 0, 0, 0, 0, 0, 0, 0, 0, 0, 0, 0, 0, 0, 0, 0, 0, 0, 0, 0, 0, 0, 0, 0, 0, 0, 0, 0, 0, 0, 0, 0, 0, 0, 0, 0, 3, 83, 74, 78, 0, 0, 0, 0, 0, 0, 0, 0, 0, 0, 0, 0, 0, 0, 0, 0, 0, 0, 0, 0, 0, 0, 0, 0, 0, 0, 0, 0, 0]}",167458,23671,solmate_erc20_balanceOf,6773.0,0.0,2255.0
119,kakarot,execute_at_address,(),"{'address': 0, 'value': 0, 'calldata': [96, 128, 96, 64, 82, 52, 128, 21, 97, 0, 16, 87, 96, 0, 128, 253, 91, 80, 96, 64, 81, 97, 8, 13, 56, 3, 128, 97, 8, 13, 131, 57, 129, 1, 96, 64, 129, 144, 82, 97, 0, 47, 145, 97, 1, 151, 86, 91, 129, 81, 97, 0, 66, 144, 96, 0, 144, 96, 32, 133, 1, 144, 97, 0, 94, 86, 91, 80, 128, 81, 97, 0, 86, 144, 96, 1, 144, 96, 32, 132, 1, 144, 97, 0, 94, 86, 91, 80, 80, 80, 97, 2, 72, 86, 91, 130, 128, 84, 97, 0, 106, 144, 97, 1, 247, 86, 91, 144, 96, 0, 82, 96, 32, 96, 0, 32, 144, 96, 31, 1, 96, 32, 144, 4, 129, 1, 146, 130, 97, 0, 140, 87, 96, 0, 133, 85, 97, 0, 210, 86, 91, 130, 96, 31, 16, 97, 0, 165, 87, 128, 81, 96, 255, 25, 22, 131, 128, 1, 23, 133, 85, 97, 0, 210, 86, 91, 130, 128, 1, 96, 1, 1, 133, 85, 130, 21, 97, 0, 210, 87, 145, 130, 1, 91, 130, 129, 17, 21, 97, 0, 210, 87, 130, 81, 130, 85, 145, 96, 32, 1, 145, 144, 96, 1, 1, 144, 97, 0, 183, 86, 91, 80, 97, 0, 222, 146, 145, 80, 97, 0, 226, 86, 91, 80, 144, 86, 91, 91, 128, 130, 17, 21, 97, 0, 222, 87, 96, 0, 129, 85, 96, 1, 1, 97, 0, 227, 86, 91, 96, 0, 130, 96, 31, 131, 1, 18, 97, 1, 7, 87, 128, 129, 253, 91, 129, 81, 96, 1, 96, 1, 96, 64, 27, 3, 128, 130, 17, 21, 97, 1, 33, 87, 97, 1, 33, 97, 2, 50, 86, 91, 96, 64, 81, 96, 32, 96, 31, 132, 1, 96, 31, 25, 22, 130, 1, 129, 1, 131, 129, 17, 131, 130, 16, 23, 21, 97, 1, 70, 87, 97, 1, 70, 97, 2, 50, 86, 91, 96, 64, 82, 131, 130, 82, 133, 132, 1, 129, 1, 135, 16, 21, 97, 1, 92, 87, 132, 133, 253, 91, 132, 146, 80, 91, 131, 131, 16, 21, 97, 1, 125, 87, 133, 131, 1, 129, 1, 81, 130, 132, 1, 130, 1, 82, 145, 130, 1, 145, 97, 1, 96, 86, 91, 131, 131, 17, 21, 97, 1, 141, 87, 132, 129, 133, 132, 1, 1, 82, 91, 80, 149, 148, 80, 80, 80, 80, 80, 86, 91, 96, 0, 128, 96, 64, 131, 133, 3, 18, 21, 97, 1, 169, 87, 129, 130, 253, 91, 130, 81, 96, 1, 96, 1, 96, 64, 27, 3, 128, 130, 17, 21, 97, 1, 191, 87, 131, 132, 253, 91, 97, 1, 203, 134, 131, 135, 1, 97, 0, 247, 86, 91, 147, 80, 96, 32, 133, 1, 81, 145, 80, 128, 130, 17, 21, 97, 1, 224, 87, 130, 131, 253, 91, 80, 97, 1, 237, 133, 130, 134, 1, 97, 0, 247, 86, 91, 145, 80, 80, 146, 80, 146, 144, 80, 86, 91, 96, 2, 129, 4, 96, 1, 130, 22, 128, 97, 2, 11, 87, 96, 127, 130, 22, 145, 80, 91, 96, 32, 130, 16, 129, 20, 21, 97, 2, 44, 87, 99, 78, 72, 123, 113, 96, 224, 27, 96, 0, 82, 96, 34, 96, 4, 82, 96, 36, 96, 0, 253, 91, 80, 145, 144, 80, 86, 91, 99, 78, 72, 123, 113, 96, 224, 27, 96, 0, 82, 96, 65, 96, 4, 82, 96, 36, 96, 0, 253, 91, 97, 5, 182, 128, 97, 2, 87, 96, 0, 57, 96, 0, 243, 254, 96, 128, 96, 64, 82, 52, 128, 21, 97, 0, 16, 87, 96, 0, 128, 253, 91, 80, 96, 4, 54, 16, 97, 0, 147, 87, 96, 0, 53, 96, 224, 28, 128, 99, 64, 193, 15, 25, 17, 97, 0, 102, 87, 128, 99, 64, 193, 15, 25, 20, 97, 0, 254, 87, 128, 99, 112, 160, 130, 49, 20, 97, 1, 19, 87, 128, 99, 149, 216, 155, 65, 20, 97, 1, 38, 87, 128, 99, 169, 5, 156, 187, 20, 97, 1, 46, 87, 128, 99, 221, 98, 237, 62, 20, 97, 1, 65, 87, 97, 0, 147, 86, 91, 128, 99, 6, 253, 222, 3, 20, 97, 0, 152, 87, 128, 99, 9, 94, 167, 179, 20, 97, 0, 182, 87, 128, 99, 24, 22, 13, 221, 20, 97, 0, 214, 87, 128, 99, 35, 184, 114, 221, 20, 97, 0, 235, 87, 91, 96, 0, 128, 253, 91, 97, 0, 160, 97, 1, 84, 86, 91, 96, 64, 81, 97, 0, 173, 145, 144, 97, 4, 164, 86, 91, 96, 64, 81, 128, 145, 3, 144, 243, 91, 97, 0, 201, 97, 0, 196, 54, 96, 4, 97, 4, 112, 86, 91, 97, 1, 226, 86, 91, 96, 64, 81, 97, 0, 173, 145, 144, 97, 4, 153, 86, 91, 97, 0, 222, 97, 2, 76, 86, 91, 96, 64, 81, 97, 0, 173, 145, 144, 97, 4, 247, 86, 91, 97, 0, 201, 97, 0, 249, 54, 96, 4, 97, 4, 53, 86, 91, 97, 2, 82, 86, 91, 97, 1, 17, 97, 1, 12, 54, 96, 4, 97, 4, 112, 86, 91, 97, 3, 4, 86, 91, 0, 91, 97, 0, 222, 97, 1, 33, 54, 96, 4, 97, 3, 226, 86, 91, 97, 3, 61, 86, 91, 97, 0, 160, 97, 3, 79, 86, 91, 97, 0, 201, 97, 1, 60, 54, 96, 4, 97, 4, 112, 86, 91, 97, 3, 92, 86, 91, 97, 0, 222, 97, 1, 79, 54, 96, 4, 97, 4, 3, 86, 91, 97, 3, 169, 86, 91, 96, 0, 128, 84, 97, 1, 97, 144, 97, 5, 47, 86, 91, 128, 96, 31, 1, 96, 32, 128, 145, 4, 2, 96, 32, 1, 96, 64, 81, 144, 129, 1, 96, 64, 82, 128, 146, 145, 144, 129, 129, 82, 96, 32, 1, 130, 128, 84, 97, 1, 141, 144, 97, 5, 47, 86, 91, 128, 21, 97, 1, 218, 87, 128, 96, 31, 16, 97, 1, 175, 87, 97, 1, 0, 128, 131, 84, 4, 2, 131, 82, 145, 96, 32, 1, 145, 97, 1, 218, 86, 91, 130, 1, 145, 144, 96, 0, 82, 96, 32, 96, 0, 32, 144, 91, 129, 84, 129, 82, 144, 96, 1, 1, 144, 96, 32, 1, 128, 131, 17, 97, 1, 189, 87, 130, 144, 3, 96, 31, 22, 130, 1, 145, 91, 80, 80, 80, 80, 80, 129, 86, 91, 51, 96, 0, 129, 129, 82, 96, 4, 96, 32, 144, 129, 82, 96, 64, 128, 131, 32, 96, 1, 96, 1, 96, 160, 27, 3, 135, 22, 128, 133, 82, 146, 82, 128, 131, 32, 133, 144, 85, 81, 145, 146, 144, 145, 127, 140, 91, 225, 229, 235, 236, 125, 91, 209, 79, 113, 66, 125, 30, 132, 243, 221, 3, 20, 192, 247, 178, 41, 30, 91, 32, 10, 200, 199, 195, 185, 37, 144, 97, 2, 59, 144, 134, 144, 97, 4, 247, 86, 91, 96, 64, 81, 128, 145, 3, 144, 163, 80, 96, 1, 146, 145, 80, 80, 86, 91, 96, 2, 84, 129, 86, 91, 96, 1, 96, 1, 96, 160, 27, 3, 131, 22, 96, 0, 144, 129, 82, 96, 4, 96, 32, 144, 129, 82, 96, 64, 128, 131, 32, 51, 132, 82, 144, 145, 82, 129, 32, 84, 96, 0, 25, 129, 20, 97, 2, 174, 87, 97, 2, 137, 131, 130, 97, 5, 24, 86, 91, 96, 1, 96, 1, 96, 160, 27, 3, 134, 22, 96, 0, 144, 129, 82, 96, 4, 96, 32, 144, 129, 82, 96, 64, 128, 131, 32, 51, 132, 82, 144, 145, 82, 144, 32, 85, 91, 96, 1, 96, 1, 96, 160, 27, 3, 133, 22, 96, 0, 144, 129, 82, 96, 3, 96, 32, 82, 96, 64, 129, 32, 128, 84, 133, 146, 144, 97, 2, 214, 144, 132, 144, 97, 5, 24, 86, 91, 144, 145, 85, 80, 80, 80, 96, 1, 96, 1, 96, 160, 27, 3, 131, 22, 96, 0, 144, 129, 82, 96, 3, 96, 32, 82, 96, 64, 144, 32, 128, 84, 131, 1, 144, 85, 80, 96, 1, 147, 146, 80, 80, 80, 86, 91, 128, 96, 2, 96, 0, 130, 130, 84, 97, 3, 22, 145, 144, 97, 5, 0, 86, 91, 144, 145, 85, 80, 80, 96, 1, 96, 1, 96, 160, 27, 3, 144, 145, 22, 96, 0, 144, 129, 82, 96, 3, 96, 32, 82, 96, 64, 144, 32, 128, 84, 144, 145, 1, 144, 85, 86, 91, 96, 3, 96, 32, 82, 96, 0, 144, 129, 82, 96, 64, 144, 32, 84, 129, 86, 91, 96, 1, 128, 84, 97, 1, 97, 144, 97, 5, 47, 86, 91, 51, 96, 0, 144, 129, 82, 96, 3, 96, 32, 82, 96, 64, 129, 32, 128, 84, 131, 145, 144, 131, 144, 97, 3, 125, 144, 132, 144, 97, 5, 24, 86, 91, 144, 145, 85, 80, 80, 80, 96, 1, 96, 1, 96, 160, 27, 3, 130, 22, 96, 0, 144, 129, 82, 96, 3, 96, 32, 82, 96, 64, 144, 32, 128, 84, 130, 1, 144, 85, 96, 1, 146, 145, 80, 80, 86, 91, 96, 4, 96, 32, 144, 129, 82, 96, 0, 146, 131, 82, 96, 64, 128, 132, 32, 144, 145, 82, 144, 130, 82, 144, 32, 84, 129, 86, 91, 128, 53, 96, 1, 96, 1, 96, 160, 27, 3, 129, 22, 129, 20, 97, 3, 221, 87, 96, 0, 128, 253, 91, 145, 144, 80, 86, 91, 96, 0, 96, 32, 130, 132, 3, 18, 21, 97, 3, 243, 87, 128, 129, 253, 91, 97, 3, 252, 130, 97, 3, 198, 86, 91, 147, 146, 80, 80, 80, 86, 91, 96, 0, 128, 96, 64, 131, 133, 3, 18, 21, 97, 4, 21, 87, 128, 129, 253, 91, 97, 4, 30, 131, 97, 3, 198, 86, 91, 145, 80, 97, 4, 44, 96, 32, 132, 1, 97, 3, 198, 86, 91, 144, 80, 146, 80, 146, 144, 80, 86, 91, 96, 0, 128, 96, 0, 96, 96, 132, 134, 3, 18, 21, 97, 4, 73, 87, 128, 129, 253, 91, 97, 4, 82, 132, 97, 3, 198, 86, 91, 146, 80, 97, 4, 96, 96, 32, 133, 1, 97, 3, 198, 86, 91, 145, 80, 96, 64, 132, 1, 53, 144, 80, 146, 80, 146, 80, 146, 86, 91, 96, 0, 128, 96, 64, 131, 133, 3, 18, 21, 97, 4, 130, 87, 129, 130, 253, 91, 97, 4, 139, 131, 97, 3, 198, 86, 91, 148, 96, 32, 147, 144, 147, 1, 53, 147, 80, 80, 80, 86, 91, 144, 21, 21, 129, 82, 96, 32, 1, 144, 86, 91, 96, 0, 96, 32, 128, 131, 82, 131, 81, 128, 130, 133, 1, 82, 130, 91, 129, 129, 16, 21, 97, 4, 208, 87, 133, 129, 1, 131, 1, 81, 133, 130, 1, 96, 64, 1, 82, 130, 1, 97, 4, 180, 86, 91, 129, 129, 17, 21, 97, 4, 225, 87, 131, 96, 64, 131, 135, 1, 1, 82, 91, 80, 96, 31, 1, 96, 31, 25, 22, 146, 144, 146, 1, 96, 64, 1, 147, 146, 80, 80, 80, 86, 91, 144, 129, 82, 96, 32, 1, 144, 86, 91, 96, 0, 130, 25, 130, 17, 21, 97, 5, 19, 87, 97, 5, 19, 97, 5, 106, 86, 91, 80, 1, 144, 86, 91, 96, 0, 130, 130, 16, 21, 97, 5, 42, 87, 97, 5, 42, 97, 5, 106, 86, 91, 80, 3, 144, 86, 91, 96, 2, 129, 4, 96, 1, 130, 22, 128, 97, 5, 67, 87, 96, 127, 130, 22, 145, 80, 91, 96, 32, 130, 16, 129, 20, 21, 97, 5, 100, 87, 99, 78, 72, 123, 113, 96, 224, 27, 96, 0, 82, 96, 34, 96, 4, 82, 96, 36, 96, 0, 253, 91, 80, 145, 144, 80, 86, 91, 99, 78, 72, 123, 113, 96, 224, 27, 96, 0, 82, 96, 17, 96, 4, 82, 96, 36, 96, 0, 253, 254, 162, 100, 105, 112, 102, 115, 88, 34, 18, 32, 78, 83, 135, 106, 122, 191, 8, 12, 231, 179, 141, 255, 225, 87, 46, 196, 132, 58, 131, 197, 101, 239, 210, 254, 235, 133, 105, 132, 181, 175, 111, 183, 100, 115, 111, 108, 99, 67, 0, 8, 0, 0, 51, 0, 0, 0, 0, 0, 0, 0, 0, 0, 0, 0, 0, 0, 0, 0, 0, 0, 0, 0, 0, 0, 0, 0, 0, 0, 0, 0, 0, 0, 0, 0, 64, 0, 0, 0, 0, 0, 0, 0, 0, 0, 0, 0, 0, 0, 0, 0, 0, 0, 0, 0, 0, 0, 0, 0, 0, 0, 0, 0, 0, 0, 0, 0, 128, 0, 0, 0, 0, 0, 0, 0, 0, 0, 0, 0, 0, 0, 0, 0, 0, 0, 0, 0, 0, 0, 0, 0, 0, 0, 0, 0, 0, 0, 0, 0, 7, 75, 97, 107, 97, 114, 111, 116, 0, 0, 0, 0, 0, 0, 0, 0, 0, 0, 0, 0, 0, 0, 0, 0, 0, 0, 0, 0, 0, 0, 0, 0, 0, 0, 0, 0, 0, 0, 0, 0, 0, 0, 0, 0, 0, 0, 0, 0, 0, 0, 0, 0, 0, 0, 0, 0, 0, 0, 0, 0, 0, 0, 0, 0, 3, 83, 74, 78, 0, 0, 0, 0, 0, 0, 0, 0, 0, 0, 0, 0, 0, 0, 0, 0, 0, 0, 0, 0, 0, 0, 0, 0, 0, 0, 0, 0, 0]}",167458,23671,solmate_erc20_totalSupply,6773.0,0.0,2255.0
121,kakarot,execute_at_address,(),"{'address': 981189583684390240013882342328854774005219686045, 'value': 0, 'calldata': [24, 22, 13, 221]}",157228,16547,solmate_erc20_totalSupply,5660.0,0.0,1465.0
64,kakarot,execute,(),"{'value': 0, 'bytecode': [97, 1, 0, 96, 0, 82, 96, 32, 96, 0, 32, 0], 'calldata': []}",31040,627,Hash 32 bytes,1039.0,3134.0,0.0
70,kakarot,execute,(),"{'value': 0, 'bytecode': [96, 16, 96, 0, 82, 96, 17, 96, 0, 32, 0], 'calldata': []}",27872,479,Hash 17 bytes,785.0,3132.0,0.0
69,kakarot,execute,(),"{'value': 0, 'bytecode': [96, 16, 96, 0, 82, 96, 9, 96, 0, 32, 0], 'calldata': []}",26214,398,Hash 9 bytes,650.0,3131.0,0.0
68,kakarot,execute,(),"{'value': 0, 'bytecode': [96, 16, 96, 0, 82, 96, 8, 96, 0, 32, 0], 'calldata': []}",26014,384,Hash 8 bytes,633.0,3131.0,0.0
67,kakarot,execute,(),"{'value': 0, 'bytecode': [96, 16, 96, 0, 82, 96, 7, 96, 0, 32, 0], 'calldata': []}",25829,370,Hash 7 bytes,617.0,3130.0,0.0
65,kakarot,execute,(),"{'value': 0, 'bytecode': [96, 16, 96, 0, 82, 96, 1, 96, 31, 32, 0], 'calldata': []}",24556,317,Hash 1 byte with offset 1f,515.0,3130.0,0.0
66,kakarot,execute,(),"{'value': 0, 'bytecode': [96, 16, 96, 0, 82, 96, 1, 96, 0, 32, 0], 'calldata': []}",24556,317,Hash 1 byte no offset,515.0,3130.0,0.0
6,kakarot,execute,(),"{'value': 0, 'bytecode': [96, 3, 96, 4, 1, 96, 10, 2, 96, 140, 3, 97, 2, 188, 4, 96, 70, 5, 96, 13, 6, 96, 16, 7, 96, 5, 96, 6, 8, 96, 16, 96, 2, 9, 96, 4, 10, 96, 96, 11, 0], 'calldata': []}",16747,762,Arithmetic operations,891.0,0.0,0.0
112,kakarot,execute,(),"{'value': 0, 'bytecode': [125, 255, 255, 255, 255, 255, 255, 255, 255, 255, 255, 255, 255, 255, 255, 255, 255, 255, 255, 255, 255, 255, 255, 255, 255, 255, 255, 255, 255, 255, 255, 127, 0, 0, 0, 0, 0, 0, 0, 0, 0, 0, 0, 0, 0, 0, 0, 0, 0, 0, 0, 0, 0, 0, 0, 0, 0, 0, 0, 0, 0, 0, 0, 0, 80, 80, 96, 50, 96, 0, 96, 0, 57, 96, 8, 96, 31, 96, 0, 57], 'calldata': []}",12418,479,Environment Information - CODECOPY (0x39) - evmcode example 1+2,317.0,0.0,0.0
87,kakarot,execute,(),"{'value': 0, 'bytecode': [127, 255, 255, 255, 255, 255, 255, 255, 255, 255, 255, 255, 255, 255, 255, 255, 255, 255, 255, 255, 255, 255, 255, 255, 255, 255, 255, 255, 255, 255, 255, 255, 255, 96, 64, 82, 96, 17, 96, 53, 82, 0], 'calldata': []}",10778,284,Memory operations - Check saving memory in between an already saved memory location0,285.0,0.0,0.0
111,kakarot,execute,(),"{'value': 0, 'bytecode': [125, 255, 255, 255, 255, 255, 255, 255, 255, 255, 255, 255, 255, 255, 255, 255, 255, 255, 255, 255, 255, 255, 255, 255, 255, 255, 255, 255, 255, 255, 255, 127, 0, 0, 0, 0, 0, 0, 0, 0, 0, 0, 0, 0, 0, 0, 0, 0, 0, 0, 0, 0, 0, 0, 0, 0, 0, 0, 0, 0, 0, 0, 0, 0, 80, 80, 96, 50, 96, 0, 96, 0, 57], 'calldata': []}",9881,375,Environment Information - CODECOPY (0x39) - evmcode example 1,222.0,0.0,0.0
104,kakarot,execute,(),"{'value': 0, 'bytecode': [96, 16, 96, 0, 82, 96, 8, 96, 171, 127, 255, 255, 255, 255, 255, 255, 255, 255, 255, 255, 255, 255, 255, 255, 255, 255, 255, 255, 255, 255, 255, 255, 255, 255, 255, 255, 255, 255, 255, 255, 255, 255, 96, 255, 96, 1, 96, 31, 164, 0], 'calldata': []}",9815,370,PRElog4,301.0,0.0,0.0
102,kakarot,execute,(),"{'value': 0, 'bytecode': [96, 16, 96, 0, 82, 96, 171, 127, 255, 255, 255, 255, 255, 255, 255, 255, 255, 255, 255, 255, 255, 255, 255, 255, 255, 255, 255, 255, 255, 255, 255, 255, 255, 255, 255, 255, 255, 255, 255, 255, 96, 255, 96, 1, 96, 31, 163, 0], 'calldata': []}",9312,348,PRElog3,280.0,0.0,0.0
108,kakarot,execute,(),"{'value': 0, 'bytecode': [125, 0, 17, 34, 51, 68, 85, 102, 119, 136, 153, 170, 187, 204, 221, 238, 255, 0, 17, 34, 51, 68, 85, 102, 119, 136, 153, 170, 187, 204, 221, 96, 0, 82, 96, 32, 96, 3, 96, 1, 57], 'calldata': []}",9060,347,"Environmental Information - CODECOPY (0x39) - code slice within bounds, memory offset < len < offset + size",255.0,0.0,0.0
85,kakarot,execute,(),"{'value': 0, 'bytecode': [96, 17, 96, 64, 82, 96, 34, 96, 64, 82, 0], 'calldata': []}",8813,250,Memory operations - Check Colliding offsets,255.0,0.0,0.0
100,kakarot,execute,(),"{'value': 0, 'bytecode': [96, 16, 96, 0, 82, 127, 255, 255, 255, 255, 255, 255, 255, 255, 255, 255, 255, 255, 255, 255, 255, 255, 255, 255, 255, 255, 255, 255, 255, 255, 255, 255, 255, 255, 255, 255, 255, 255, 96, 255, 96, 1, 96, 31, 162, 0], 'calldata': []}",8809,326,PRElog2,259.0,0.0,0.0
91,kakarot,execute,(),"{'value': 0, 'bytecode': [127, 0, 17, 34, 51, 68, 85, 102, 119, 136, 153, 170, 187, 204, 221, 238, 255, 0, 17, 34, 51, 68, 85, 102, 119, 136, 153, 170, 187, 204, 221, 238, 255, 96, 0, 82, 96, 16, 96, 3, 96, 3, 55], 'calldata': [17, 17, 17, 17, 17, 17, 17, 17, 17, 17, 17, 17, 17, 17, 17, 17, 17, 17, 17, 17, 17, 17, 17, 17, 17, 17, 17, 17, 17, 17, 17, 17, 17, 17]}",8746,342,calldatacopy1,257.0,0.0,0.0
110,kakarot,execute,(),"{'value': 0, 'bytecode': [125, 0, 17, 34, 51, 68, 85, 102, 119, 136, 153, 170, 187, 204, 221, 238, 255, 0, 17, 34, 51, 68, 85, 102, 119, 136, 153, 170, 187, 204, 221, 96, 0, 82, 96, 5, 96, 101, 96, 4, 57], 'calldata': []}",8571,329,"Environmental Information - CODECOPY (0x39) - code offset > len, memory offset + size < len",255.0,0.0,0.0
107,kakarot,execute,(),"{'value': 0, 'bytecode': [125, 0, 17, 34, 51, 68, 85, 102, 119, 136, 153, 170, 187, 204, 221, 238, 255, 0, 17, 34, 51, 68, 85, 102, 119, 136, 153, 170, 187, 204, 221, 96, 0, 82, 96, 8, 96, 3, 96, 1, 57], 'calldata': []}",8567,341,"Environmental Information - CODECOPY (0x39) - code slice within bounds, memory copy within bounds",255.0,0.0,0.0
89,kakarot,execute,(),"{'value': 0, 'bytecode': [127, 17, 17, 17, 17, 17, 17, 17, 17, 17, 17, 17, 17, 17, 17, 17, 17, 17, 17, 17, 17, 17, 17, 17, 17, 17, 17, 17, 17, 17, 17, 17, 17, 96, 0, 82, 97, 34, 34, 96, 5, 83, 0], 'calldata': []}",8424,317,Memory operations - Check saving memory in between an already saved memory location2,269.0,0.0,0.0
98,kakarot,execute,(),"{'value': 0, 'bytecode': [96, 16, 96, 0, 82, 127, 255, 255, 255, 255, 255, 255, 255, 255, 255, 255, 255, 255, 255, 255, 255, 255, 255, 255, 255, 255, 255, 255, 255, 255, 255, 255, 255, 255, 255, 255, 255, 255, 96, 1, 96, 31, 161, 0], 'calldata': []}",8306,304,PRElog1,238.0,0.0,0.0
105,kakarot,execute,(),"{'value': 0, 'bytecode': [96, 16, 96, 0, 82, 96, 8, 96, 171, 96, 0, 96, 255, 96, 1, 96, 34, 164, 0], 'calldata': []}",8023,336,PRElog4-1,283.0,0.0,0.0
103,kakarot,execute,(),"{'value': 0, 'bytecode': [96, 16, 96, 0, 82, 96, 171, 96, 0, 96, 255, 96, 1, 96, 34, 163, 0], 'calldata': []}",7520,314,PRElog3-1,262.0,0.0,0.0
101,kakarot,execute,(),"{'value': 0, 'bytecode': [96, 16, 96, 0, 82, 96, 0, 96, 255, 96, 1, 96, 34, 162, 0], 'calldata': []}",7017,292,PRElog2-1,241.0,0.0,0.0
99,kakarot,execute,(),"{'value': 0, 'bytecode': [96, 16, 96, 0, 82, 96, 255, 96, 1, 96, 34, 161, 0], 'calldata': []}",6514,270,PRElog1-1,220.0,0.0,0.0
5,kakarot,execute,(),"{'value': 0, 'bytecode': [125, 255, 255, 255, 255, 255, 255, 255, 255, 255, 255, 255, 255, 255, 255, 255, 255, 255, 255, 255, 255, 255, 255, 255, 255, 255, 255, 255, 255, 255, 255, 96, 8, 96, 31, 96, 0, 57], 'calldata': []}",6251,299,codecopy2,153.0,0.0,0.0
86,kakarot,execute,(),"{'value': 0, 'bytecode': [125, 17, 17, 17, 17, 17, 17, 17, 17, 17, 17, 17, 17, 17, 17, 17, 17, 17, 17, 17, 17, 17, 17, 17, 17, 17, 17, 17, 17, 17, 17, 96, 0, 82], 'calldata': []}",6187,237,Memory operations - Check saving memory with 30 bytes,160.0,0.0,0.0
97,kakarot,execute,(),"{'value': 0, 'bytecode': [96, 16, 96, 0, 82, 96, 1, 96, 34, 160, 0], 'calldata': []}",6011,248,PRElog0-1,199.0,0.0,0.0
96,kakarot,execute,(),"{'value': 0, 'bytecode': [96, 16, 96, 0, 82, 96, 1, 96, 31, 160, 0], 'calldata': []}",5857,242,PRElog0,187.0,0.0,0.0
2,kakarot,execute,(),"{'value': 0, 'bytecode': [96, 66, 96, 0, 82, 96, 32, 96, 0, 243], 'calldata': []}",5842,248,return,186.0,0.0,0.0
82,kakarot,execute,(),"{'value': 0, 'bytecode': [96, 10, 96, 0, 82, 96, 0, 81], 'calldata': []}",5681,248,Load Word from Memory2,171.0,0.0,0.0
14,kakarot,execute,(),"{'value': 0, 'bytecode': [127, 127, 255, 255, 255, 255, 255, 255, 255, 255, 255, 255, 255, 255, 255, 255, 255, 255, 255, 255, 255, 255, 255, 255, 255, 255, 255, 255, 255, 255, 255, 255, 255, 96, 255, 29], 'calldata': []}",5629,338,Comparison & bitwise logic operations - SAR6,180.0,4.0,0.0
18,kakarot,execute,(),"{'value': 0, 'bytecode': [127, 128, 0, 0, 0, 0, 0, 0, 0, 0, 0, 0, 0, 0, 0, 0, 0, 0, 0, 0, 0, 0, 0, 0, 0, 0, 0, 0, 0, 0, 0, 0, 0, 96, 255, 29], 'calldata': []}",5628,338,Comparison & bitwise logic operations - SAR9,180.0,4.0,0.0
13,kakarot,execute,(),"{'value': 0, 'bytecode': [127, 127, 255, 255, 255, 255, 255, 255, 255, 255, 255, 255, 255, 255, 255, 255, 255, 255, 255, 255, 255, 255, 255, 255, 255, 255, 255, 255, 255, 255, 255, 255, 255, 96, 254, 29], 'calldata': []}",5628,339,Comparison & bitwise logic operations - SAR5,180.0,4.0,0.0
11,kakarot,execute,(),"{'value': 0, 'bytecode': [127, 64, 0, 0, 0, 0, 0, 0, 0, 0, 0, 0, 0, 0, 0, 0, 0, 0, 0, 0, 0, 0, 0, 0, 0, 0, 0, 0, 0, 0, 0, 0, 0, 96, 254, 29], 'calldata': []}",5628,339,Comparison & bitwise logic operations - SAR3,180.0,4.0,0.0
23,kakarot,execute,(),"{'value': 0, 'bytecode': [127, 255, 255, 255, 255, 255, 255, 255, 255, 255, 255, 255, 255, 255, 255, 255, 255, 255, 255, 255, 255, 255, 255, 255, 255, 255, 255, 255, 255, 255, 255, 255, 255, 96, 255, 29], 'calldata': []}",5628,338,Comparison & bitwise logic operations - SAR14,180.0,4.0,0.0
12,kakarot,execute,(),"{'value': 0, 'bytecode': [127, 127, 255, 255, 255, 255, 255, 255, 255, 255, 255, 255, 255, 255, 255, 255, 255, 255, 255, 255, 255, 255, 255, 255, 255, 255, 255, 255, 255, 255, 255, 255, 255, 96, 248, 29], 'calldata': []}",5626,341,Comparison & bitwise logic operations - SAR4,180.0,4.0,0.0
84,kakarot,execute,(),"{'value': 0, 'bytecode': [96, 17, 96, 64, 82, 0], 'calldata': []}",5605,192,Memory operations - Check very large offsets,132.0,0.0,0.0
22,kakarot,execute,(),"{'value': 0, 'bytecode': [127, 255, 255, 255, 255, 255, 255, 255, 255, 255, 255, 255, 255, 255, 255, 255, 255, 255, 255, 255, 255, 255, 255, 255, 255, 255, 255, 255, 255, 255, 255, 255, 255, 96, 1, 29], 'calldata': []}",5587,341,Comparison & bitwise logic operations - SAR13,180.0,4.0,0.0
17,kakarot,execute,(),"{'value': 0, 'bytecode': [127, 128, 0, 0, 0, 0, 0, 0, 0, 0, 0, 0, 0, 0, 0, 0, 0, 0, 0, 0, 0, 0, 0, 0, 0, 0, 0, 0, 0, 0, 0, 0, 0, 96, 1, 29], 'calldata': []}",5587,341,Comparison & bitwise logic operations - SHR0,180.0,4.0,0.0
21,kakarot,execute,(),"{'value': 0, 'bytecode': [127, 255, 255, 255, 255, 255, 255, 255, 255, 255, 255, 255, 255, 255, 255, 255, 255, 255, 255, 255, 255, 255, 255, 255, 255, 255, 255, 255, 255, 255, 255, 255, 255, 96, 0, 29], 'calldata': []}",5558,341,Comparison & bitwise logic operations - SAR12,179.0,4.0,0.0
15,kakarot,execute,(),"{'value': 0, 'bytecode': [127, 127, 255, 255, 255, 255, 255, 255, 255, 255, 255, 255, 255, 255, 255, 255, 255, 255, 255, 255, 255, 255, 255, 255, 255, 255, 255, 255, 255, 255, 255, 255, 255, 97, 1, 0, 29], 'calldata': []}",5312,302,Comparison & bitwise logic operations - SAR7,139.0,4.0,0.0
20,kakarot,execute,(),"{'value': 0, 'bytecode': [127, 128, 0, 0, 0, 0, 0, 0, 0, 0, 0, 0, 0, 0, 0, 0, 0, 0, 0, 0, 0, 0, 0, 0, 0, 0, 0, 0, 0, 0, 0, 0, 0, 97, 1, 1, 29], 'calldata': []}",5311,302,Comparison & bitwise logic operations - SAR11,139.0,4.0,0.0
9,kakarot,execute,(),"{'value': 0, 'bytecode': [127, 255, 255, 255, 255, 255, 255, 255, 255, 255, 255, 255, 255, 255, 255, 255, 255, 255, 255, 255, 255, 255, 255, 255, 255, 255, 255, 255, 255, 255, 255, 255, 255, 97, 1, 0, 29], 'calldata': []}",5311,302,Comparison & bitwise logic operations - SAR1,139.0,4.0,0.0
19,kakarot,execute,(),"{'value': 0, 'bytecode': [127, 128, 0, 0, 0, 0, 0, 0, 0, 0, 0, 0, 0, 0, 0, 0, 0, 0, 0, 0, 0, 0, 0, 0, 0, 0, 0, 0, 0, 0, 0, 0, 0, 97, 1, 0, 29], 'calldata': []}",5311,302,Comparison & bitwise logic operations - SAR10,139.0,4.0,0.0
45,kakarot,execute,(),"{'value': 0, 'bytecode': [127, 255, 255, 255, 255, 255, 255, 255, 255, 255, 255, 255, 255, 255, 255, 255, 255, 255, 255, 255, 255, 255, 255, 255, 255, 255, 255, 255, 255, 255, 255, 255, 255, 96, 255, 28], 'calldata': []}",5126,281,Comparison & bitwise logic operations - SHR11,137.0,0.0,0.0
40,kakarot,execute,(),"{'value': 0, 'bytecode': [127, 128, 0, 0, 0, 0, 0, 0, 0, 0, 0, 0, 0, 0, 0, 0, 0, 0, 0, 0, 0, 0, 0, 0, 0, 0, 0, 0, 0, 0, 0, 0, 0, 96, 255, 28], 'calldata': []}",5126,281,Comparison & bitwise logic operations - SHR6,137.0,0.0,0.0
39,kakarot,execute,(),"{'value': 0, 'bytecode': [127, 128, 0, 0, 0, 0, 0, 0, 0, 0, 0, 0, 0, 0, 0, 0, 0, 0, 0, 0, 0, 0, 0, 0, 0, 0, 0, 0, 0, 0, 0, 0, 0, 96, 1, 28], 'calldata': []}",5085,284,Comparison & bitwise logic operations - SHR5,137.0,0.0,0.0
44,kakarot,execute,(),"{'value': 0, 'bytecode': [127, 255, 255, 255, 255, 255, 255, 255, 255, 255, 255, 255, 255, 255, 255, 255, 255, 255, 255, 255, 255, 255, 255, 255, 255, 255, 255, 255, 255, 255, 255, 255, 255, 96, 1, 28], 'calldata': []}",5085,284,Comparison & bitwise logic operations - SHR10,137.0,0.0,0.0
43,kakarot,execute,(),"{'value': 0, 'bytecode': [127, 255, 255, 255, 255, 255, 255, 255, 255, 255, 255, 255, 255, 255, 255, 255, 255, 255, 255, 255, 255, 255, 255, 255, 255, 255, 255, 255, 255, 255, 255, 255, 255, 96, 0, 28], 'calldata': []}",5056,284,Comparison & bitwise logic operations - SHR9,136.0,0.0,0.0
33,kakarot,execute,(),"{'value': 0, 'bytecode': [127, 255, 255, 255, 255, 255, 255, 255, 255, 255, 255, 255, 255, 255, 255, 255, 255, 255, 255, 255, 255, 255, 255, 255, 255, 255, 255, 255, 255, 255, 255, 255, 255, 96, 255, 27], 'calldata': []}",5040,261,Comparison & bitwise logic operations - SHL9,130.0,0.0,0.0
34,kakarot,execute,(),"{'value': 0, 'bytecode': [127, 255, 255, 255, 255, 255, 255, 255, 255, 255, 255, 255, 255, 255, 255, 255, 255, 255, 255, 255, 255, 255, 255, 255, 255, 255, 255, 255, 255, 255, 255, 255, 255, 97, 1, 0, 27], 'calldata': []}",5004,241,Comparison & bitwise logic operations - SHL10,129.0,0.0,0.0
32,kakarot,execute,(),"{'value': 0, 'bytecode': [127, 255, 255, 255, 255, 255, 255, 255, 255, 255, 255, 255, 255, 255, 255, 255, 255, 255, 255, 255, 255, 255, 255, 255, 255, 255, 255, 255, 255, 255, 255, 255, 255, 96, 1, 27], 'calldata': []}",4999,264,Comparison & bitwise logic operations - SHL8,130.0,0.0,0.0
26,kakarot,execute,(),"{'value': 0, 'bytecode': [127, 127, 255, 255, 255, 255, 255, 255, 255, 255, 255, 255, 255, 255, 255, 255, 255, 255, 255, 255, 255, 255, 255, 255, 255, 255, 255, 255, 255, 255, 255, 255, 255, 96, 1, 27], 'calldata': []}",4999,264,Comparison & bitwise logic operations - SHL2,130.0,0.0,0.0
31,kakarot,execute,(),"{'value': 0, 'bytecode': [127, 255, 255, 255, 255, 255, 255, 255, 255, 255, 255, 255, 255, 255, 255, 255, 255, 255, 255, 255, 255, 255, 255, 255, 255, 255, 255, 255, 255, 255, 255, 255, 255, 96, 0, 27], 'calldata': []}",4970,264,Comparison & bitwise logic operations - SHL7,129.0,0.0,0.0
36,kakarot,execute,(),"{'value': 0, 'bytecode': [127, 255, 255, 255, 255, 255, 255, 255, 255, 255, 255, 255, 255, 255, 255, 255, 255, 255, 255, 255, 255, 255, 255, 255, 255, 255, 255, 255, 255, 255, 255, 255, 255, 97, 1, 0, 28], 'calldata': []}",4809,245,Comparison & bitwise logic operations - SHR2,96.0,0.0,0.0
42,kakarot,execute,(),"{'value': 0, 'bytecode': [127, 128, 0, 0, 0, 0, 0, 0, 0, 0, 0, 0, 0, 0, 0, 0, 0, 0, 0, 0, 0, 0, 0, 0, 0, 0, 0, 0, 0, 0, 0, 0, 0, 97, 1, 1, 28], 'calldata': []}",4809,245,Comparison & bitwise logic operations - SHR8,96.0,0.0,0.0
41,kakarot,execute,(),"{'value': 0, 'bytecode': [127, 128, 0, 0, 0, 0, 0, 0, 0, 0, 0, 0, 0, 0, 0, 0, 0, 0, 0, 0, 0, 0, 0, 0, 0, 0, 0, 0, 0, 0, 0, 0, 0, 97, 1, 0, 28], 'calldata': []}",4809,245,Comparison & bitwise logic operations - SHR7,96.0,0.0,0.0
7,kakarot,execute,(),"{'value': 0, 'bytecode': [96, 1, 128, 96, 3, 96, 4, 96, 2, 96, 5, 131, 0], 'calldata': []}",4721,250,Duplication operations,140.0,0.0,0.0
55,kakarot,execute,(),"{'value': 0, 'bytecode': [96, 3, 96, 2, 96, 1, 145, 96, 4, 146, 146, 0], 'calldata': []}",4681,228,Exchange operations,120.0,0.0,0.0
109,kakarot,execute,(),"{'value': 0, 'bytecode': [96, 56, 96, 2, 96, 3, 57], 'calldata': []}",4537,244,Environmental Information - CODECOPY (0x39) - code with padding + memory offset > len ,104.0,0.0,0.0
94,kakarot,execute,(),"{'value': 0, 'bytecode': [96, 64, 96, 3, 96, 0, 55], 'calldata': [0, 17, 34, 51, 68, 85, 102, 119, 136, 153, 170, 187, 204, 238, 221, 255, 0, 17, 34, 51, 68, 85, 102, 119, 136, 153, 170, 187, 204, 221, 238, 255, 0, 17, 34, 51, 68, 85, 102, 119, 136, 153, 170, 187, 204, 221, 238, 255]}",4509,232,calldatacopy4,104.0,0.0,0.0
90,kakarot,execute,(),"{'value': 0, 'bytecode': [96, 32, 96, 5, 96, 6, 55, 0], 'calldata': [0, 17, 34, 51, 68, 85, 102, 119, 136, 153, 170, 187, 204, 238, 221, 255]}",4414,238,calldatacopy,104.0,0.0,0.0
92,kakarot,execute,(),"{'value': 0, 'bytecode': [96, 36, 96, 5, 96, 0, 55], 'calldata': [0, 17, 34, 51, 68, 85, 102, 119, 136, 153, 170, 187, 204, 238, 221, 255, 0, 17, 34, 51, 68, 85, 102, 119, 136, 153, 170, 187, 204, 221, 238, 255]}",4399,238,calldatacopy2,104.0,0.0,0.0
79,kakarot,execute,(),"{'value': 0, 'bytecode': [96, 10, 96, 0, 82, 0], 'calldata': []}",4389,192,Memory operations0,132.0,0.0,0.0
50,kakarot,execute,(),"{'value': 0, 'bytecode': [96, 10, 96, 9, 16, 96, 10, 96, 10, 16], 'calldata': []}",4231,271,Comparison & bitwise logic operations - LT,121.0,0.0,0.0
48,kakarot,execute,(),"{'value': 0, 'bytecode': [96, 10, 96, 10, 17, 96, 9, 96, 10, 17], 'calldata': []}",4231,271,Comparison & bitwise logic operations - GT,121.0,0.0,0.0
47,kakarot,execute,(),"{'value': 0, 'bytecode': [96, 10, 96, 10, 20, 96, 9, 96, 10, 20], 'calldata': []}",4213,234,Comparison & bitwise logic operations - EQ,119.0,0.0,0.0
93,kakarot,execute,(),"{'value': 0, 'bytecode': [96, 32, 96, 5, 96, 0, 55], 'calldata': [0, 17, 34, 51, 68, 85, 102, 119, 136, 153, 170, 187, 204, 238, 221, 255, 0, 17, 34, 51, 68, 85, 102, 119, 136, 153, 170, 187, 204, 221, 238, 255, 0, 17, 34, 51, 68, 85, 102, 119, 136, 153, 170, 187, 204, 221, 238, 255]}",3985,238,calldatacopy3,104.0,0.0,0.0
95,kakarot,execute,(),"{'value': 0, 'bytecode': [96, 16, 96, 5, 96, 0, 55], 'calldata': [0, 17, 34, 51, 68, 85, 102, 119, 136, 153, 170, 187, 204, 238, 221, 255, 0, 17, 34, 51, 68, 85, 102, 119, 136, 153, 170, 187, 204, 221, 238, 255]}",3931,244,calldatacopy5,104.0,0.0,0.0
4,kakarot,execute,(),"{'value': 0, 'bytecode': [96, 5, 96, 3, 96, 0, 57], 'calldata': []}",3906,238,codecopy,104.0,0.0,0.0
106,kakarot,execute,(),"{'value': 0, 'bytecode': [96, 2, 96, 0, 96, 0, 57], 'calldata': []}",3889,244,"Environment Information - CODECOPY (0x39) - code slice within bounds, memory offset > len with tail padding",104.0,0.0,0.0
83,kakarot,execute,(),"{'value': 0, 'bytecode': [88, 96, 1, 91, 96, 1, 96, 1, 88], 'calldata': []}",3841,210,Jumpdest opcode,101.0,0.0,0.0
16,kakarot,execute,(),"{'value': 0, 'bytecode': [96, 1, 96, 1, 29], 'calldata': []}",3642,301,Comparison & bitwise logic operations - SAR8,150.0,4.0,0.0
10,kakarot,execute,(),"{'value': 0, 'bytecode': [96, 0, 96, 1, 29], 'calldata': []}",3642,301,Comparison & bitwise logic operations - SAR2,150.0,4.0,0.0
88,kakarot,execute,(),"{'value': 0, 'bytecode': [97, 17, 34, 96, 3, 83], 'calldata': []}",3624,231,Memory operations - Check saving memory in between an already saved memory location1,116.0,0.0,0.0
8,kakarot,execute,(),"{'value': 0, 'bytecode': [96, 1, 96, 0, 29], 'calldata': []}",3613,301,Comparison & bitwise logic operations - SAR0,149.0,4.0,0.0
38,kakarot,execute,(),"{'value': 0, 'bytecode': [96, 1, 96, 1, 28], 'calldata': []}",3139,244,Comparison & bitwise logic operations - SHR4,107.0,0.0,0.0
37,kakarot,execute,(),"{'value': 0, 'bytecode': [96, 0, 96, 1, 28], 'calldata': []}",3139,244,Comparison & bitwise logic operations - SHR3,107.0,0.0,0.0
35,kakarot,execute,(),"{'value': 0, 'bytecode': [96, 1, 96, 0, 28], 'calldata': []}",3110,244,Comparison & bitwise logic operations - SHR1,106.0,0.0,0.0
28,kakarot,execute,(),"{'value': 0, 'bytecode': [96, 1, 96, 255, 27], 'calldata': []}",3094,221,Comparison & bitwise logic operations - SHL4,100.0,0.0,0.0
30,kakarot,execute,(),"{'value': 0, 'bytecode': [96, 1, 97, 1, 1, 27], 'calldata': []}",3058,201,Comparison & bitwise logic operations - SHL6,99.0,0.0,0.0
29,kakarot,execute,(),"{'value': 0, 'bytecode': [96, 1, 97, 1, 0, 27], 'calldata': []}",3058,201,Comparison & bitwise logic operations - SHL5,99.0,0.0,0.0
27,kakarot,execute,(),"{'value': 0, 'bytecode': [96, 1, 96, 1, 27], 'calldata': []}",3053,224,Comparison & bitwise logic operations - SHL3,100.0,0.0,0.0
25,kakarot,execute,(),"{'value': 0, 'bytecode': [96, 0, 96, 1, 27], 'calldata': []}",3053,224,Comparison & bitwise logic operations - SHL1,100.0,0.0,0.0
24,kakarot,execute,(),"{'value': 0, 'bytecode': [96, 1, 96, 0, 27], 'calldata': []}",3024,224,Comparison & bitwise logic operations - SHL0,99.0,0.0,0.0
3,kakarot,execute,(),"{'value': 0, 'bytecode': [96, 1, 96, 1, 243], 'calldata': []}",2880,184,return2,63.0,0.0,0.0
53,kakarot,execute,(),"{'value': 0, 'bytecode': [96, 255, 96, 1, 19], 'calldata': []}",2839,201,Comparison & bitwise logic operations - SGT,69.0,0.0,0.0
54,kakarot,execute,(),"{'value': 0, 'bytecode': [96, 255, 96, 1, 18], 'calldata': []}",2836,204,Comparison & bitwise logic operations - SLT,69.0,0.0,0.0
56,kakarot,execute,(),"{'value': 0, 'bytecode': [96, 1, 97, 1, 2, 56, 0], 'calldata': []}",2783,176,Environmental information,64.0,0.0,0.0
46,kakarot,execute,(),"{'value': 0, 'bytecode': [96, 5, 96, 5, 22], 'calldata': []}",2781,184,Comparison & bitwise logic operations - AND,64.0,2.0,0.0
52,kakarot,execute,(),"{'value': 0, 'bytecode': [96, 5, 96, 3, 23], 'calldata': []}",2781,184,Comparison & bitwise logic operations - OR,64.0,2.0,0.0
123,kakarot,initiate,(),"{'evm_address': 981189583682692101017982003184643469953555737319, 'starknet_address': 230751619096327868502505237660563175680770793472999588024509302003587066599, 'value': 0}",2765,195,Get balance of currently executing contract - 0x47 SELFBALANCE,38.0,0.0,6.0
57,kakarot,execute,(),"{'value': 0, 'bytecode': [96, 1, 96, 2, 70, 0], 'calldata': []}",2730,176,Block information CHAINID,63.0,0.0,0.0
75,kakarot,execute,(),"{'value': 0, 'bytecode': [96, 0, 53], 'calldata': [0, 0, 0, 0, 0, 0, 0, 0, 0, 0, 0, 0, 0, 0, 0, 0, 0, 0, 0, 0, 0, 0, 0, 0, 0, 0, 0, 0, 0, 0, 0, 10]}",2610,180,Load CallData onto the Stack - 0x35 CALLDATALOAD,51.0,0.0,0.0
78,kakarot,execute,(),"{'value': 0, 'bytecode': [96, 1, 49, 0], 'calldata': []}",2581,177,Balance,49.0,0.0,2.0
80,kakarot,execute,(),"{'value': 0, 'bytecode': [88, 96, 1, 88], 'calldata': []}",2576,164,Memory operation - PC,54.0,0.0,0.0
49,kakarot,execute,(),"{'value': 0, 'bytecode': [96, 0, 21], 'calldata': []}",2270,162,Comparison & bitwise logic operations - ISZERO,43.0,0.0,0.0
51,kakarot,execute,(),"{'value': 0, 'bytecode': [96, 0, 25], 'calldata': []}",2264,162,Comparison & bitwise logic operations - NOT,43.0,0.0,0.0
73,kakarot,execute,(),"{'value': 0, 'bytecode': [96, 10, 68, 0], 'calldata': []}",2217,154,Load Word from Memory0,42.0,0.0,0.0
62,kakarot,execute,(),"{'value': 0, 'bytecode': [50, 0], 'calldata': []}",1867,143,Origin Address,24.0,0.0,1.0
61,kakarot,execute,(),"{'value': 0, 'bytecode': [71, 0], 'calldata': []}",1837,142,Get balance of currently executing contract - 0x47 SELFBALANCE,21.0,0.0,1.0
63,kakarot,execute,(),"{'value': 0, 'bytecode': [51, 0], 'calldata': []}",1713,132,Caller Address,21.0,0.0,0.0
59,kakarot,execute,(),"{'value': 0, 'bytecode': [67, 0], 'calldata': []}",1713,132,Block information NUMBER,21.0,0.0,0.0
60,kakarot,execute,(),"{'value': 0, 'bytecode': [66, 0], 'calldata': []}",1713,132,Block information TIMESTAMP,21.0,0.0,0.0
81,kakarot,execute,(),"{'value': 0, 'bytecode': [89, 0], 'calldata': []}",1706,132,Get Memory Size,21.0,0.0,0.0
77,kakarot,execute,(),"{'value': 0, 'bytecode': [54, 0], 'calldata': [255]}",1705,132,Get the size of calldata when non empty calldata - 0x36 CALLDATASIZE,21.0,0.0,0.0
76,kakarot,execute,(),"{'value': 0, 'bytecode': [54, 0], 'calldata': []}",1705,132,Get the size of calldata when empty calldata - 0x36 CALLDATASIZE,21.0,0.0,0.0
72,kakarot,execute,(),"{'value': 0, 'bytecode': [61, 0], 'calldata': []}",1704,132,Get the size of return data - 0x3d RETURNDATASIZE,21.0,0.0,0.0
71,kakarot,execute,(),"{'value': 0, 'bytecode': [69, 0], 'calldata': []}",1704,132,Gas Limit,21.0,0.0,0.0
58,kakarot,execute,(),"{'value': 0, 'bytecode': [65, 0], 'calldata': []}",1704,132,Block information COINBASE,21.0,0.0,0.0
74,kakarot,execute,(),"{'value': 9000000000, 'bytecode': [52], 'calldata': []}",1696,138,Get deposited value by the instruction/transaction responsible for this execution - 0x34 CALLVALUE,21.0,0.0,0.0
124,kakarot,execute_at_address,(),"{'address': 981189583682692101017982003184643469953555737319, 'value': 0, 'calldata': []}",1629,146,Get balance of currently executing contract - 0x47 SELFBALANCE,14.0,0.0,1.0
139,contract_account,bytecode,(),{},884,105,System operations INVALID,31.0,0.0,10.0
122,kakarot,execute_at_address,(),"{'address': 0, 'value': 0, 'calldata': [71, 0]}",869,43,Get balance of currently executing contract - 0x47 SELFBALANCE,20.0,0.0,4.0
138,contract_account,write_bytecode,"([244, 226, 133, 31, 7, 47, 204, 0, 252, 170],)",{},805,105,contract_account,31.0,0.0,10.0
125,kakarot,deploy,(),"{'bytes': [1, 12312]}",796,45,deploy,17.0,0.0,4.0
134,account_registry,transfer_ownership,"(1,)",{},223,0,System operations INVALID,0.0,0.0,0.0
0,account_registry,transfer_ownership,"(2573458057696330573197851531929701396540327077484371610000467177667532800336,)",{},223,0,,0.0,0.0,0.0
135,account_registry,set_account_entry,"(7735, 9171)",{},190,21,System operations INVALID,6.0,0.0,2.0
137,account_registry,get_evm_address,"(7735,)",{},98,10,System operations INVALID,3.0,0.0,1.0
136,account_registry,get_starknet_address,"(9171,)",{},96,11,System operations INVALID,3.0,0.0,1.0
1,kakarot,set_account_registry,(),{'registry_address_': 2865157339226878438803741968783564586827654268217835731551487001057765212696},93,0,,0.0,0.0,0.0
